datetime,discharge_cms
2000-01-01,6.5
2000-01-02,6.85
2000-01-03,4.17
2000-01-04,3.91
2000-01-05,3.91
2000-01-06,3.92
2000-01-07,3.6
2000-01-08,5.6
2000-01-09,5.9
2000-01-10,6.8
2000-01-11,5.9
2000-01-12,4.8
2000-01-13,6.5
2000-01-14,7.4
2000-01-15,6.2
2000-01-16,6.5
2000-01-17,6.2
2000-01-18,5.3
2000-01-19,4.8
2000-01-20,5.05
2000-01-21,4.85
2000-01-22,4.7
2000-01-23,4.85
2000-01-24,4.6
2000-01-25,4.85
2000-01-26,5.15
2000-01-27,4.5
2000-01-28,4.6
2000-01-29,4.85
2000-01-30,4.25
2000-01-31,3.6
2000-02-01,3.1
2000-02-02,2.0
2000-02-03,1.8
2000-02-04,2.15
2000-02-05,2.2
2000-02-06,2.6
2000-02-07,8.33
2000-02-08,8.7
2000-02-09,6.85
2000-02-10,6.85
2000-02-11,6.5
2000-02-12,13.5
2000-02-13,10.7
2000-02-14,10.5
2000-02-15,10.85
2000-02-16,11.25
2000-02-17,11.25
2000-02-18,11.6
2000-02-19,12.0
2000-02-20,10.45
2000-02-21,12.0
2000-02-22,12.0
2000-02-23,12.25
2000-02-24,12.25
2000-02-25,13.5
2000-02-26,15.45
2000-02-27,16.65
2000-02-28,16.65
2000-02-29,15.8
2000-03-01,16.25
2000-03-02,16.65
2000-03-03,17.42
2000-03-04,17.05
2000-03-05,17.2
2000-03-06,17.42
2000-03-07,17.42
2000-03-08,17.05
2000-03-09,16.8
2000-03-10,19.7
2000-03-11,18.16
2000-03-12,18.85
2000-03-13,19.0
2000-03-14,18.16
2000-03-15,18.0
2000-03-16,19.0
2000-03-17,17.8
2000-03-18,17.8
2000-03-19,18.12
2000-03-20,17.8
2000-03-21,16.9
2000-03-22,18.16
2000-03-23,17.8
2000-03-24,16.65
2000-03-25,17.05
2000-03-26,17.42
2000-03-27,18.16
2000-03-28,17.8
2000-03-29,17.55
2000-03-30,18.16
2000-03-31,18.0
2000-04-01,17.8
2000-04-02,19.7
2000-04-03,21.0
2000-04-04,19.4
2000-04-05,21.5
2000-04-06,26.5
2000-04-07,31.2
2000-04-08,32.4
2000-04-09,24.6
2000-04-10,16.65
2000-04-11,14.6
2000-04-12,9.1
2000-04-13,5.6
2000-04-14,4.25
2000-04-15,3.1
2000-04-16,1.3
2000-04-17,0.6
2000-04-18,0.8
2000-04-19,1.2
2000-04-20,7.61
2000-04-21,5.6
2000-04-22,5.6
2000-04-23,4.85
2000-04-24,4.25
2000-04-25,4.25
2000-04-26,4.25
2000-04-27,4.7
2000-04-28,4.9
2000-04-29,4.9
2000-04-30,5.05
2000-05-01,5.05
2000-05-02,5.35
2000-05-03,4.9
2000-05-04,5.35
2000-05-05,4.9
2000-05-06,5.6
2000-05-07,6.2
2000-05-08,6.55
2000-05-09,10.5
2000-05-10,7.4
2000-05-11,7.4
2000-05-12,7.4
2000-05-13,10.2
2000-05-14,8.4
2000-05-15,7.75
2000-05-16,7.4
2000-05-17,8.1
2000-05-18,7.75
2000-05-19,7.75
2000-05-20,8.25
2000-05-21,8.25
2000-05-22,9.1
2000-05-23,7.75
2000-05-24,9.1
2000-05-25,12.6
2000-05-26,18.16
2000-05-27,13.1
2000-05-28,15.05
2000-05-29,15.8
2000-05-30,14.85
2000-05-31,15.05
2000-06-01,0.0
2000-06-02,0.0
2000-06-03,0.0
2000-06-04,0.0
2000-06-05,0.0
2000-06-06,0.0
2000-06-07,22.64
2000-06-08,55.6
2000-06-09,43.29
2000-06-10,24.86
2000-06-11,19.13
2000-06-12,21.01
2000-06-13,13.9
2000-06-14,12.4
2000-06-15,9.73
2000-06-16,9.39
2000-06-17,9.56
2000-06-18,7.94
2000-06-19,8.11
2000-06-20,8.94
2000-06-21,12.2
2000-06-22,25.83
2000-06-23,11.44
2000-06-24,10.55
2000-06-25,11.65
2000-06-26,9.86
2000-06-27,15.38
2000-06-28,39.03
2000-06-29,28.4
2000-06-30,20.77
2000-07-01,30.75
2000-07-02,22.94
2000-07-03,16.03
2000-07-04,12.32
2000-07-05,12.34
2000-07-06,10.35
2000-07-07,9.58
2000-07-08,10.18
2000-07-09,10.23
2000-07-10,9.71
2000-07-11,9.27
2000-07-12,8.46
2000-07-13,8.2
2000-07-14,7.37
2000-07-15,6.41
2000-07-16,7.83
2000-07-17,6.56
2000-07-18,5.75
2000-07-19,4.52
2000-07-20,4.3
2000-07-21,4.07
2000-07-22,3.71
2000-07-23,4.15
2000-07-24,3.51
2000-07-25,2.99
2000-07-26,2.46
2000-07-27,3.79
2000-07-28,0.0
2000-07-29,0.0
2000-07-30,0.0
2000-07-31,0.0
2000-08-01,0.0
2000-08-02,0.0
2000-08-03,0.0
2000-08-04,6.12
2000-08-05,6.67
2000-08-06,10.48
2000-08-07,7.03
2000-08-08,43.66
2000-08-09,58.29
2000-08-10,35.77
2000-08-11,28.13
2000-08-12,15.47
2000-08-13,13.15
2000-08-14,8.56
2000-08-15,17.87
2000-08-16,22.75
2000-08-17,18.8
2000-08-18,9.39
2000-08-19,9.87
2000-08-20,35.47
2000-08-21,34.55
2000-08-22,28.48
2000-08-23,25.42
2000-08-24,145.91
2000-08-25,228.71
2000-08-26,341.41
2000-08-27,175.3
2000-08-28,83.16
2000-08-29,67.06
2000-08-30,51.65
2000-08-31,34.69
2000-09-01,29.83
2000-09-02,29.83
2000-09-03,23.28
2000-09-04,22.42
2000-09-05,18.93
2000-09-06,17.28
2000-09-07,14.56
2000-09-08,14.62
2000-09-09,12.15
2000-09-10,11.92
2000-09-11,12.02
2000-09-12,11.4
2000-09-13,8.52
2000-09-14,7.76
2000-09-15,7.33
2000-09-16,16.68
2000-09-17,14.71
2000-09-18,11.15
2000-09-19,10.83
2000-09-20,9.95
2000-09-21,42.89
2000-09-22,28.23
2000-09-23,27.3
2000-09-24,20.75
2000-09-25,23.67
2000-09-26,44.14
2000-09-27,27.9
2000-09-28,258.99
2000-09-29,68.86
2000-09-30,62.32
2000-10-01,67.8
2000-10-02,96.31
2000-10-03,120.26
2000-10-04,67.39
2000-10-05,60.59
2000-10-06,74.96
2000-10-07,52.52
2000-10-08,47.91
2000-10-09,46.49
2000-10-10,37.18
2000-10-11,27.16
2000-10-12,26.96
2000-10-13,24.26
2000-10-14,22.31
2000-10-15,19.29
2000-10-16,26.43
2000-10-17,37.06
2000-10-18,29.23
2000-10-19,22.38
2000-10-20,17.2
2000-10-21,15.44
2000-10-22,16.48
2000-10-23,14.45
2000-10-24,13.98
2000-10-25,22.57
2000-10-26,18.65
2000-10-27,14.58
2000-10-28,12.62
2000-10-29,15.73
2000-10-30,12.92
2000-10-31,11.46
2000-11-01,12.75
2000-11-02,26.46
2000-11-03,14.9
2000-11-04,14.7
2000-11-05,15.59
2000-11-06,14.24
2000-11-07,15.24
2000-11-08,13.61
2000-11-09,10.68
2000-11-10,10.0
2000-11-11,20.92
2000-11-12,14.28
2000-11-13,9.73
2000-11-14,10.23
2000-11-15,9.48
2000-11-16,8.76
2000-11-17,9.24
2000-11-18,8.52
2000-11-19,9.36
2000-11-20,14.15
2000-11-21,57.88
2000-11-22,24.25
2000-11-23,22.99
2000-11-24,22.33
2000-11-25,13.88
2000-11-26,12.6
2000-11-27,13.7
2000-11-28,11.12
2000-11-29,10.91
2000-11-30,9.46
2000-12-01,5.03
2000-12-02,5.82
2000-12-03,6.09
2000-12-04,5.55
2000-12-05,7.62
2000-12-06,7.4
2000-12-07,6.92
2000-12-08,6.59
2000-12-09,5.94
2000-12-10,5.29
2000-12-11,5.49
2000-12-12,5.49
2000-12-13,4.66
2000-12-14,4.11
2000-12-15,3.88
2000-12-16,3.24
2000-12-17,4.0
2000-12-18,5.55
2000-12-19,5.55
2000-12-20,5.29
2000-12-21,4.51
2000-12-22,2.25
2000-12-23,2.75
2000-12-24,3.24
2000-12-25,3.0
2000-12-26,3.24
2000-12-27,3.49
2000-12-28,13.78
2000-12-29,21.43
2000-12-30,10.71
2000-12-31,9.11
2001-01-01,14.05
2001-01-02,63.56
2001-01-03,23.94
2001-01-04,16.92
2001-01-05,12.71
2001-01-06,12.07
2001-01-07,7.72
2001-01-08,9.61
2001-01-09,7.27
2001-01-10,7.27
2001-01-11,7.34
2001-01-12,6.94
2001-01-13,6.18
2001-01-14,5.69
2001-01-15,5.78
2001-01-16,4.75
2001-01-17,4.29
2001-01-18,3.83
2001-01-19,3.42
2001-01-20,2.84
2001-01-21,3.24
2001-01-22,3.49
2001-01-23,2.67
2001-01-24,2.47
2001-01-25,4.77
2001-01-26,5.55
2001-01-27,5.82
2001-01-28,6.36
2001-01-29,6.36
2001-01-30,6.9
2001-01-31,0.0
2001-02-01,0.0
2001-02-02,0.0
2001-02-03,0.0
2001-02-04,0.0
2001-02-05,0.0
2001-02-06,0.0
2001-02-07,0.0
2001-02-08,0.0
2001-02-09,0.0
2001-02-10,0.0
2001-02-11,0.0
2001-02-12,0.0
2001-02-13,0.0
2001-02-14,0.0
2001-02-15,0.0
2001-02-16,0.0
2001-02-17,0.0
2001-02-18,0.0
2001-02-19,0.0
2001-02-20,0.0
2001-02-21,0.0
2001-02-22,0.0
2001-02-23,0.0
2001-02-24,0.0
2001-02-25,0.0
2001-02-26,0.0
2001-02-27,0.0
2001-02-28,0.0
2001-03-01,0.0
2001-03-02,0.0
2001-03-03,0.0
2001-03-04,0.0
2001-03-05,0.0
2001-03-06,0.0
2001-03-07,0.0
2001-03-08,0.0
2001-03-09,0.0
2001-03-10,0.0
2001-03-11,0.0
2001-03-12,0.0
2001-03-13,0.0
2001-03-14,0.0
2001-03-15,0.0
2001-03-16,0.0
2001-03-17,0.0
2001-03-18,0.0
2001-03-19,0.0
2001-03-20,0.0
2001-03-21,0.0
2001-03-22,0.0
2001-03-23,0.0
2001-03-24,0.0
2001-03-25,0.0
2001-03-26,0.0
2001-03-27,0.0
2001-03-28,0.0
2001-03-29,0.0
2001-03-30,0.0
2001-03-31,0.0
2001-04-01,0.0
2001-04-02,0.0
2001-04-03,0.0
2001-04-04,0.0
2001-04-05,0.0
2001-04-06,0.0
2001-04-07,0.0
2001-04-08,0.0
2001-04-09,0.0
2001-04-10,0.0
2001-04-11,0.0
2001-04-12,39.04
2001-04-13,24.55
2001-04-14,25.83
2001-04-15,14.94
2001-04-16,7.36
2001-04-17,10.23
2001-04-18,17.36
2001-04-19,27.12
2001-04-20,16.21
2001-04-21,62.45
2001-04-22,40.74
2001-04-23,9.94
2001-04-24,16.28
2001-04-25,12.97
2001-04-26,11.65
2001-04-27,9.53
2001-04-28,5.55
2001-04-29,26.16
2001-04-30,56.59
2001-05-01,71.49
2001-05-02,80.92
2001-05-03,27.95
2001-05-04,32.17
2001-05-05,22.88
2001-05-06,17.97
2001-05-07,27.61
2001-05-08,34.01
2001-05-09,17.08
2001-05-10,16.15
2001-05-11,11.81
2001-05-12,7.32
2001-05-13,7.44
2001-05-14,7.44
2001-05-15,4.87
2001-05-16,3.66
2001-05-17,5.82
2001-05-18,5.55
2001-05-19,4.77
2001-05-20,4.9
2001-05-21,8.27
2001-05-22,10.53
2001-05-23,0.0
2001-05-24,15.24
2001-05-25,16.45
2001-05-26,16.15
2001-05-27,17.06
2001-05-28,17.67
2001-05-29,18.9
2001-05-30,20.45
2001-05-31,31.06
2001-06-01,14.83
2001-06-02,7.65
2001-06-03,7.33
2001-06-04,5.79
2001-06-05,4.0
2001-06-06,5.17
2001-06-07,9.79
2001-06-08,12.1
2001-06-09,10.94
2001-06-10,13.21
2001-06-11,21.32
2001-06-12,62.53
2001-06-13,35.2
2001-06-14,42.9
2001-06-15,25.57
2001-06-16,23.23
2001-06-17,15.99
2001-06-18,16.27
2001-06-19,16.88
2001-06-20,11.94
2001-06-21,10.41
2001-06-22,21.75
2001-06-23,17.9
2001-06-24,46.95
2001-06-25,36.43
2001-06-26,29.15
2001-06-27,20.97
2001-06-28,19.77
2001-06-29,19.74
2001-06-30,22.88
2001-07-01,16.31
2001-07-02,10.22
2001-07-03,23.67
2001-07-04,78.0
2001-07-05,68.71
2001-07-06,68.07
2001-07-07,80.18
2001-07-08,111.9
2001-07-09,360.15
2001-07-10,175.8
2001-07-11,123.54
2001-07-12,84.44
2001-07-13,61.32
2001-07-14,44.2
2001-07-15,36.43
2001-07-16,32.87
2001-07-17,26.61
2001-07-18,22.4
2001-07-19,19.79
2001-07-20,27.12
2001-07-21,14.11
2001-07-22,12.61
2001-07-23,12.05
2001-07-24,11.47
2001-07-25,12.21
2001-07-26,15.98
2001-07-27,11.88
2001-07-28,10.09
2001-07-29,10.89
2001-07-30,11.51
2001-07-31,10.57
2001-08-01,10.47
2001-08-02,18.06
2001-08-03,15.67
2001-08-04,11.2
2001-08-05,15.36
2001-08-06,15.77
2001-08-07,10.83
2001-08-08,10.24
2001-08-09,9.91
2001-08-10,9.08
2001-08-11,8.54
2001-08-12,6.6
2001-08-13,8.43
2001-08-14,7.79
2001-08-15,6.96
2001-08-16,8.41
2001-08-17,7.12
2001-08-18,6.47
2001-08-19,6.72
2001-08-20,9.65
2001-08-21,12.76
2001-08-22,13.81
2001-08-23,12.76
2001-08-24,11.6
2001-08-25,14.11
2001-08-26,12.47
2001-08-27,31.19
2001-08-28,19.87
2001-08-29,13.23
2001-08-30,8.14
2001-08-31,7.21
2001-09-01,6.9
2001-09-02,7.08
2001-09-03,4.8
2001-09-04,4.34
2001-09-05,4.2
2001-09-06,4.69
2001-09-07,3.86
2001-09-08,3.87
2001-09-09,5.12
2001-09-10,3.65
2001-09-11,3.48
2001-09-12,3.87
2001-09-13,2.21
2001-09-14,2.03
2001-09-15,2.56
2001-09-16,3.67
2001-09-17,2.61
2001-09-18,4.01
2001-09-19,16.31
2001-09-20,66.21
2001-09-21,25.77
2001-09-22,35.97
2001-09-23,114.4
2001-09-24,122.23
2001-09-25,92.26
2001-09-26,79.98
2001-09-27,59.84
2001-09-28,33.14
2001-09-29,33.21
2001-09-30,92.42
2001-10-01,76.63
2001-10-02,65.34
2001-10-03,45.6
2001-10-04,33.54
2001-10-05,18.05
2001-10-06,18.87
2001-10-07,14.73
2001-10-08,14.23
2001-10-09,12.59
2001-10-10,10.47
2001-10-11,8.94
2001-10-12,8.36
2001-10-13,9.1
2001-10-14,28.37
2001-10-15,32.95
2001-10-16,56.85
2001-10-17,27.78
2001-10-18,22.04
2001-10-19,31.51
2001-10-20,78.18
2001-10-21,58.82
2001-10-22,82.46
2001-10-23,46.83
2001-10-24,45.24
2001-10-25,46.95
2001-10-26,42.02
2001-10-27,60.53
2001-10-28,83.97
2001-10-29,66.03
2001-10-30,82.29
2001-10-31,43.68
2001-11-01,36.15
2001-11-02,27.22
2001-11-03,24.59
2001-11-04,24.59
2001-11-05,22.25
2001-11-06,40.38
2001-11-07,40.66
2001-11-08,27.98
2001-11-09,27.41
2001-11-10,97.62
2001-11-11,83.97
2001-11-12,35.48
2001-11-13,28.41
2001-11-14,26.08
2001-11-15,32.72
2001-11-16,49.72
2001-11-17,137.21
2001-11-18,56.38
2001-11-19,41.69
2001-11-20,35.79
2001-11-21,32.69
2001-11-22,25.52
2001-11-23,68.46
2001-11-24,36.15
2001-11-25,28.17
2001-11-26,22.31
2001-11-27,18.69
2001-11-28,17.35
2001-11-29,14.86
2001-11-30,15.67
2001-12-01,14.58
2001-12-02,13.16
2001-12-03,12.58
2001-12-04,14.62
2001-12-05,16.99
2001-12-06,15.09
2001-12-07,18.32
2001-12-08,13.82
2001-12-09,12.05
2001-12-10,11.76
2001-12-11,10.99
2001-12-12,9.82
2001-12-13,8.86
2001-12-14,6.9
2001-12-15,7.27
2001-12-16,5.26
2001-12-17,6.28
2001-12-18,7.38
2001-12-19,7.23
2001-12-20,7.97
2001-12-21,7.23
2001-12-22,6.58
2001-12-23,7.0
2001-12-24,12.0
2001-12-25,7.0
2001-12-26,7.0
2001-12-27,5.8
2001-12-28,5.33
2001-12-29,4.73
2001-12-30,5.0
2001-12-31,3.84
2002-01-01,3.13
2002-01-02,3.99
2002-01-03,2.94
2002-01-04,2.59
2002-01-05,2.21
2002-01-06,3.0
2002-01-07,3.02
2002-01-08,3.06
2002-01-09,3.03
2002-01-10,2.71
2002-01-11,1.54
2002-01-12,1.17
2002-01-13,1.5
2002-01-14,1.1
2002-01-15,1.0
2002-01-16,0.0
2002-01-17,0.0
2002-01-18,0.0
2002-01-19,0.0
2002-01-20,0.0
2002-01-21,0.0
2002-01-22,0.0
2002-01-23,0.0
2002-01-24,0.0
2002-01-25,0.0
2002-01-26,0.0
2002-01-27,0.0
2002-01-28,0.0
2002-01-29,0.0
2002-01-30,0.0
2002-01-31,0.0
2002-02-01,0.0
2002-02-02,0.0
2002-02-03,0.0
2002-02-04,0.0
2002-02-05,0.0
2002-02-06,0.0
2002-02-07,0.0
2002-02-08,0.0
2002-02-09,0.0
2002-02-10,0.0
2002-02-11,0.0
2002-02-12,0.0
2002-02-13,0.0
2002-02-14,0.0
2002-02-15,0.0
2002-02-16,0.0
2002-02-17,0.0
2002-02-18,0.0
2002-02-19,0.0
2002-02-20,0.0
2002-02-21,0.0
2002-02-22,0.0
2002-02-23,0.0
2002-02-24,0.0
2002-02-25,0.0
2002-02-26,0.0
2002-02-27,0.0
2002-02-28,0.0
2002-03-01,0.0
2002-03-02,0.0
2002-03-03,0.0
2002-03-04,0.0
2002-03-05,0.0
2002-03-06,0.0
2002-03-07,0.0
2002-03-08,0.0
2002-03-09,0.0
2002-03-10,0.0
2002-03-11,0.0
2002-03-12,0.0
2002-03-13,0.0
2002-03-14,0.0
2002-03-15,0.0
2002-03-16,0.0
2002-03-17,0.0
2002-03-18,0.0
2002-03-19,0.0
2002-03-20,0.0
2002-03-21,0.0
2002-03-22,0.0
2002-03-23,0.0
2002-03-24,0.0
2002-03-25,0.0
2002-03-26,0.0
2002-03-27,0.0
2002-03-28,0.0
2002-03-29,0.0
2002-03-30,0.0
2002-03-31,0.0
2002-04-01,0.0
2002-04-02,0.0
2002-04-03,0.0
2002-04-04,0.0
2002-04-05,0.0
2002-04-06,0.0
2002-04-07,0.0
2002-04-08,0.0
2002-04-09,0.0
2002-04-10,0.0
2002-04-11,0.0
2002-04-12,0.0
2002-04-13,0.0
2002-04-14,0.0
2002-04-15,0.0
2002-04-16,0.0
2002-04-17,0.0
2002-04-18,0.0
2002-04-19,0.0
2002-04-20,0.0
2002-04-21,0.0
2002-04-22,0.0
2002-04-23,0.0
2002-04-24,0.0
2002-04-25,0.0
2002-04-26,0.0
2002-04-27,0.0
2002-04-28,0.0
2002-04-29,0.0
2002-04-30,0.0
2002-05-01,0.0
2002-05-02,0.0
2002-05-03,0.0
2002-05-04,0.0
2002-05-05,0.0
2002-05-06,0.0
2002-05-07,0.0
2002-05-08,0.0
2002-05-09,0.0
2002-05-10,0.0
2002-05-11,0.0
2002-05-12,0.0
2002-05-13,0.0
2002-05-14,0.0
2002-05-15,0.0
2002-05-16,0.0
2002-05-17,0.0
2002-05-18,0.0
2002-05-19,0.0
2002-05-20,0.0
2002-05-21,0.0
2002-05-22,0.0
2002-05-23,0.0
2002-05-24,0.0
2002-05-25,0.0
2002-05-26,0.0
2002-05-27,0.0
2002-05-28,0.0
2002-05-29,0.0
2002-05-30,0.0
2002-05-31,0.0
2002-06-01,0.0
2002-06-02,0.0
2002-06-03,0.0
2002-06-04,0.0
2002-06-05,0.0
2002-06-06,0.0
2002-06-07,0.0
2002-06-08,0.0
2002-06-09,0.0
2002-06-10,0.0
2002-06-11,0.0
2002-06-12,0.0
2002-06-13,25.91
2002-06-14,74.01
2002-06-15,39.71
2002-06-16,30.55
2002-06-17,18.16
2002-06-18,11.75
2002-06-19,10.16
2002-06-20,7.73
2002-06-21,7.31
2002-06-22,6.9
2002-06-23,5.79
2002-06-24,6.48
2002-06-25,8.02
2002-06-26,6.37
2002-06-27,3.98
2002-06-28,3.53
2002-06-29,3.88
2002-06-30,3.03
2002-07-01,2.98
2002-07-02,3.58
2002-07-03,7.38
2002-07-04,7.03
2002-07-05,8.08
2002-07-06,7.25
2002-07-07,9.18
2002-07-08,6.56
2002-07-09,5.51
2002-07-10,3.61
2002-07-11,3.71
2002-07-12,3.66
2002-07-13,11.33
2002-07-14,9.77
2002-07-15,12.5
2002-07-16,12.82
2002-07-17,11.34
2002-07-18,8.19
2002-07-19,6.41
2002-07-20,8.29
2002-07-21,9.38
2002-07-22,4.85
2002-07-23,5.45
2002-07-24,4.95
2002-07-25,7.5
2002-07-26,5.45
2002-07-27,5.51
2002-07-28,6.45
2002-07-29,6.29
2002-07-30,9.06
2002-07-31,37.54
2002-08-01,37.71
2002-08-02,31.04
2002-08-03,27.76
2002-08-04,18.92
2002-08-05,25.68
2002-08-06,25.57
2002-08-07,20.69
2002-08-08,15.77
2002-08-09,14.78
2002-08-10,21.19
2002-08-11,19.96
2002-08-12,28.95
2002-08-13,24.82
2002-08-14,18.95
2002-08-15,15.22
2002-08-16,18.02
2002-08-17,63.19
2002-08-18,42.6
2002-08-19,28.88
2002-08-20,19.6
2002-08-21,21.02
2002-08-22,18.41
2002-08-23,14.04
2002-08-24,11.04
2002-08-25,11.84
2002-08-26,10.22
2002-08-27,8.85
2002-08-28,8.81
2002-08-29,7.82
2002-08-30,8.79
2002-08-31,6.86
2002-09-01,6.97
2002-09-02,5.62
2002-09-03,4.88
2002-09-04,4.38
2002-09-05,4.1
2002-09-06,3.97
2002-09-07,5.37
2002-09-08,5.15
2002-09-09,6.41
2002-09-10,20.08
2002-09-11,15.42
2002-09-12,10.34
2002-09-13,8.65
2002-09-14,6.79
2002-09-15,5.62
2002-09-16,6.28
2002-09-17,3.75
2002-09-18,2.87
2002-09-19,2.82
2002-09-20,1.56
2002-09-21,1.02
2002-09-22,1.1
2002-09-23,1.56
2002-09-24,1.76
2002-09-25,4.84
2002-09-26,3.42
2002-09-27,3.96
2002-09-28,3.69
2002-09-29,1.56
2002-09-30,5.15
2002-10-01,11.63
2002-10-02,14.52
2002-10-03,7.85
2002-10-04,9.16
2002-10-05,52.49
2002-10-06,52.83
2002-10-07,30.33
2002-10-08,41.91
2002-10-09,46.11
2002-10-10,36.81
2002-10-11,23.0
2002-10-12,21.24
2002-10-13,50.2
2002-10-14,47.62
2002-10-15,173.4
2002-10-16,95.65
2002-10-17,103.97
2002-10-18,65.08
2002-10-19,54.49
2002-10-20,55.52
2002-10-21,40.45
2002-10-22,68.56
2002-10-23,49.32
2002-10-24,44.07
2002-10-25,68.41
2002-10-26,47.31
2002-10-27,39.17
2002-10-28,37.24
2002-10-29,39.77
2002-10-30,72.1
2002-10-31,193.28
2002-11-01,81.86
2002-11-02,75.62
2002-11-03,52.83
2002-11-04,49.77
2002-11-05,44.02
2002-11-06,37.03
2002-11-07,65.73
2002-11-08,70.1
2002-11-09,203.96
2002-11-10,150.8
2002-11-11,73.49
2002-11-12,52.35
2002-11-13,44.87
2002-11-14,55.97
2002-11-15,42.42
2002-11-16,35.69
2002-11-17,29.63
2002-11-18,31.0
2002-11-19,27.52
2002-11-20,31.96
2002-11-21,31.95
2002-11-22,30.14
2002-11-23,74.39
2002-11-24,44.25
2002-11-25,36.09
2002-11-26,32.77
2002-11-27,28.59
2002-11-28,42.57
2002-11-29,28.18
2002-11-30,18.16
2002-12-01,19.42
2002-12-02,18.97
2002-12-03,12.98
2002-12-04,10.97
2002-12-05,10.08
2002-12-06,7.74
2002-12-07,10.76
2002-12-08,32.18
2002-12-09,18.92
2002-12-10,16.94
2002-12-11,18.49
2002-12-12,13.15
2002-12-13,9.82
2002-12-14,10.24
2002-12-15,12.13
2002-12-16,7.8
2002-12-17,7.14
2002-12-18,6.35
2002-12-19,7.21
2002-12-20,6.13
2002-12-21,5.89
2002-12-22,7.0
2002-12-23,7.49
2002-12-24,7.0
2002-12-25,7.0
2002-12-26,6.07
2002-12-27,5.42
2002-12-28,4.72
2002-12-29,5.64
2002-12-30,3.52
2002-12-31,2.29
2003-01-01,1.82
2003-01-02,1.06
2003-01-03,1.23
2003-01-04,1.61
2003-01-05,0.91
2003-01-06,0.59
2003-01-07,1.91
2003-01-08,1.97
2003-01-09,1.77
2003-01-10,1.63
2003-01-11,2.55
2003-01-12,2.29
2003-01-13,1.82
2003-01-14,1.82
2003-01-15,1.61
2003-01-16,0.0
2003-01-17,0.0
2003-01-18,0.0
2003-01-19,0.0
2003-01-20,0.0
2003-01-21,0.0
2003-01-22,0.0
2003-01-23,0.0
2003-01-24,0.0
2003-01-25,0.0
2003-01-26,0.0
2003-01-27,0.0
2003-01-28,0.0
2003-01-29,0.0
2003-01-30,0.0
2003-01-31,0.0
2003-02-01,0.0
2003-02-02,0.0
2003-02-03,0.0
2003-02-04,0.0
2003-02-05,0.0
2003-02-06,0.0
2003-02-07,0.0
2003-02-08,0.0
2003-02-09,0.0
2003-02-10,0.0
2003-02-11,0.0
2003-02-12,0.0
2003-02-13,0.0
2003-02-14,0.0
2003-02-15,0.0
2003-02-16,0.0
2003-02-17,0.0
2003-02-18,0.0
2003-02-19,0.0
2003-02-20,0.0
2003-02-21,0.0
2003-02-22,0.0
2003-02-23,0.0
2003-02-24,0.0
2003-02-25,0.0
2003-02-26,0.0
2003-02-27,0.0
2003-02-28,0.0
2003-03-01,0.0
2003-03-02,0.0
2003-03-03,0.0
2003-03-04,0.0
2003-03-05,0.0
2003-03-06,0.0
2003-03-07,0.0
2003-03-08,0.0
2003-03-09,0.0
2003-03-10,0.0
2003-03-11,0.0
2003-03-12,0.0
2003-03-13,0.0
2003-03-14,0.0
2003-03-15,0.0
2003-03-16,0.0
2003-03-17,0.0
2003-03-18,0.0
2003-03-19,0.0
2003-03-20,0.0
2003-03-21,0.0
2003-03-22,0.0
2003-03-23,0.0
2003-03-24,0.0
2003-03-25,0.0
2003-03-26,0.0
2003-03-27,0.0
2003-03-28,0.0
2003-03-29,0.0
2003-03-30,0.0
2003-03-31,0.0
2003-04-01,0.0
2003-04-02,0.0
2003-04-03,0.0
2003-04-04,0.0
2003-04-05,0.0
2003-04-06,0.0
2003-04-07,0.0
2003-04-08,0.0
2003-04-09,0.0
2003-04-10,0.0
2003-04-11,0.0
2003-04-12,0.0
2003-04-13,0.0
2003-04-14,0.0
2003-04-15,0.0
2003-04-16,0.0
2003-04-17,0.0
2003-04-18,0.0
2003-04-19,0.0
2003-04-20,0.0
2003-04-21,0.0
2003-04-22,0.0
2003-04-23,0.0
2003-04-24,0.0
2003-04-25,0.0
2003-04-26,0.0
2003-04-27,0.0
2003-04-28,0.0
2003-04-29,0.0
2003-04-30,0.0
2003-05-01,0.0
2003-05-02,0.0
2003-05-03,0.0
2003-05-04,0.0
2003-05-05,0.0
2003-05-06,0.0
2003-05-07,0.0
2003-05-08,0.0
2003-05-09,0.0
2003-05-10,0.0
2003-05-11,0.0
2003-05-12,0.0
2003-05-13,0.0
2003-05-14,0.0
2003-05-15,0.0
2003-05-16,0.0
2003-05-17,0.0
2003-05-18,0.0
2003-05-19,0.0
2003-05-20,0.0
2003-05-21,0.0
2003-05-22,0.0
2003-05-23,0.0
2003-05-24,0.0
2003-05-25,0.0
2003-05-26,0.0
2003-05-27,0.0
2003-05-28,0.0
2003-05-29,0.0
2003-05-30,0.0
2003-05-31,0.0
2003-06-01,0.0
2003-06-02,0.0
2003-06-03,0.0
2003-06-04,0.0
2003-06-05,0.0
2003-06-06,0.0
2003-06-07,0.0
2003-06-08,0.0
2003-06-09,0.0
2003-06-10,0.0
2003-06-11,0.0
2003-06-12,0.0
2003-06-13,0.0
2003-06-14,0.0
2003-06-15,0.0
2003-06-16,0.0
2003-06-17,0.0
2003-06-18,0.0
2003-06-19,0.0
2003-06-20,0.0
2003-06-21,0.0
2003-06-22,0.0
2003-06-23,76.27
2003-06-24,62.11
2003-06-25,35.5
2003-06-26,22.2
2003-06-27,10.97
2003-06-28,10.1
2003-06-29,5.7
2003-06-30,6.97
2003-07-01,8.09
2003-07-02,12.2
2003-07-03,16.85
2003-07-04,10.5
2003-07-05,10.37
2003-07-06,13.08
2003-07-07,24.82
2003-07-08,11.18
2003-07-09,6.55
2003-07-10,3.68
2003-07-11,5.4
2003-07-12,5.1
2003-07-13,5.7
2003-07-14,33.31
2003-07-15,28.2
2003-07-16,47.59
2003-07-17,49.87
2003-07-18,33.08
2003-07-19,23.01
2003-07-20,17.49
2003-07-21,11.73
2003-07-22,11.95
2003-07-23,11.53
2003-07-24,16.83
2003-07-25,17.11
2003-07-26,9.91
2003-07-27,11.45
2003-07-28,6.46
2003-07-29,5.18
2003-07-30,4.98
2003-07-31,4.18
2003-08-01,8.95
2003-08-02,38.8
2003-08-03,19.85
2003-08-04,17.01
2003-08-05,11.12
2003-08-06,10.9
2003-08-07,9.89
2003-08-08,5.96
2003-08-09,5.34
2003-08-10,18.42
2003-08-11,9.83
2003-08-12,5.01
2003-08-13,5.8
2003-08-14,9.99
2003-08-15,10.66
2003-08-16,33.04
2003-08-17,11.85
2003-08-18,11.07
2003-08-19,9.34
2003-08-20,7.01
2003-08-21,5.63
2003-08-22,9.22
2003-08-23,21.93
2003-08-24,27.53
2003-08-25,16.98
2003-08-26,16.65
2003-08-27,10.33
2003-08-28,9.08
2003-08-29,5.96
2003-08-30,5.66
2003-08-31,10.27
2003-09-01,23.35
2003-09-02,16.7
2003-09-03,16.42
2003-09-04,15.63
2003-09-05,11.27
2003-09-06,9.17
2003-09-07,0.0
2003-09-08,0.0
2003-09-09,0.0
2003-09-10,0.0
2003-09-11,0.0
2003-09-12,0.0
2003-09-13,0.0
2003-09-14,0.0
2003-09-15,0.0
2003-09-16,0.0
2003-09-17,0.0
2003-09-18,0.0
2003-09-19,0.0
2003-09-20,0.0
2003-09-21,0.0
2003-09-22,0.0
2003-09-23,0.0
2003-09-24,0.0
2003-09-25,0.0
2003-09-26,0.0
2003-09-27,0.0
2003-09-28,0.0
2003-09-29,0.0
2003-09-30,0.0
2003-10-01,5.51
2003-10-02,3.92
2003-10-03,8.23
2003-10-04,16.12
2003-10-05,30.27
2003-10-06,92.28
2003-10-07,207.67
2003-10-08,113.63
2003-10-09,68.66
2003-10-10,47.17
2003-10-11,34.26
2003-10-12,25.4
2003-10-13,86.99
2003-10-14,64.41
2003-10-15,47.23
2003-10-16,79.15
2003-10-17,44.99
2003-10-18,57.8
2003-10-19,51.97
2003-10-20,32.26
2003-10-21,26.44
2003-10-22,28.93
2003-10-23,26.97
2003-10-24,62.77
2003-10-25,84.48
2003-10-26,78.72
2003-10-27,40.77
2003-10-28,31.68
2003-10-29,41.07
2003-10-30,26.95
2003-10-31,25.55
2003-11-01,34.39
2003-11-02,26.19
2003-11-03,32.89
2003-11-04,27.94
2003-11-05,23.55
2003-11-06,26.07
2003-11-07,43.41
2003-11-08,46.55
2003-11-09,45.26
2003-11-10,25.84
2003-11-11,27.27
2003-11-12,24.09
2003-11-13,21.19
2003-11-14,16.35
2003-11-15,21.34
2003-11-16,18.42
2003-11-17,25.29
2003-11-18,16.54
2003-11-19,13.58
2003-11-20,12.89
2003-11-21,12.14
2003-11-22,10.68
2003-11-23,12.26
2003-11-24,10.03
2003-11-25,11.45
2003-11-26,9.55
2003-11-27,9.67
2003-11-28,7.99
2003-11-29,7.91
2003-11-30,12.67
2003-12-01,10.18
2003-12-02,6.89
2003-12-03,6.58
2003-12-04,5.52
2003-12-05,4.11
2003-12-06,3.14
2003-12-07,3.11
2003-12-08,2.29
2003-12-09,2.41
2003-12-10,1.98
2003-12-11,2.58
2003-12-12,2.6
2003-12-13,4.76
2003-12-14,4.02
2003-12-15,6.69
2003-12-16,4.51
2003-12-17,4.51
2003-12-18,0.0
2003-12-19,0.0
2003-12-20,0.0
2003-12-21,0.0
2003-12-22,0.0
2003-12-23,0.0
2003-12-24,0.0
2003-12-25,0.0
2003-12-26,0.0
2003-12-27,0.0
2003-12-28,0.0
2003-12-29,0.0
2003-12-30,0.0
2003-12-31,0.0
2004-01-01,0.0
2004-01-02,0.0
2004-01-03,0.0
2004-01-04,0.0
2004-01-05,0.0
2004-01-06,0.0
2004-01-07,0.0
2004-01-08,0.0
2004-01-09,0.0
2004-01-10,0.0
2004-01-11,0.0
2004-01-12,0.0
2004-01-13,0.0
2004-01-14,0.0
2004-01-15,0.0
2004-01-16,0.0
2004-01-17,0.0
2004-01-18,0.0
2004-01-19,0.0
2004-01-20,0.0
2004-01-21,0.0
2004-01-22,0.0
2004-01-23,0.0
2004-01-24,0.0
2004-01-25,0.0
2004-01-26,0.0
2004-01-27,0.0
2004-01-28,0.0
2004-01-29,0.0
2004-01-30,0.0
2004-01-31,0.0
2004-02-01,0.0
2004-02-02,0.0
2004-02-03,0.0
2004-02-04,0.0
2004-02-05,0.0
2004-02-06,0.0
2004-02-07,0.0
2004-02-08,0.0
2004-02-09,0.0
2004-02-10,0.0
2004-02-11,0.0
2004-02-12,0.0
2004-02-13,0.0
2004-02-14,0.0
2004-02-15,0.0
2004-02-16,0.0
2004-02-17,0.0
2004-02-18,0.0
2004-02-19,0.0
2004-02-20,0.0
2004-02-21,0.0
2004-02-22,0.0
2004-02-23,0.0
2004-02-24,0.0
2004-02-25,0.0
2004-02-26,0.0
2004-02-27,0.0
2004-02-28,0.0
2004-02-29,0.0
2004-03-01,0.0
2004-03-02,0.0
2004-03-03,0.0
2004-03-04,0.0
2004-03-05,0.0
2004-03-06,0.0
2004-03-07,0.0
2004-03-08,0.0
2004-03-09,0.0
2004-03-10,0.0
2004-03-11,0.0
2004-03-12,0.0
2004-03-13,0.0
2004-03-14,0.0
2004-03-15,0.0
2004-03-16,0.0
2004-03-17,0.0
2004-03-18,0.0
2004-03-19,0.0
2004-03-20,0.0
2004-03-21,0.0
2004-03-22,0.0
2004-03-23,0.0
2004-03-24,0.0
2004-03-25,0.0
2004-03-26,0.0
2004-03-27,0.0
2004-03-28,0.0
2004-03-29,0.0
2004-03-30,0.0
2004-03-31,0.0
2004-04-01,0.0
2004-04-02,0.0
2004-04-03,0.0
2004-04-04,0.0
2004-04-05,0.0
2004-04-06,0.0
2004-04-07,0.0
2004-04-08,0.0
2004-04-09,0.0
2004-04-10,0.0
2004-04-11,0.0
2004-04-12,30.18
2004-04-13,23.37
2004-04-14,23.18
2004-04-15,25.4
2004-04-16,21.75
2004-04-17,26.16
2004-04-18,23.18
2004-04-19,19.9
2004-04-20,19.0
2004-04-21,19.44
2004-04-22,0.0
2004-04-23,0.0
2004-04-24,0.0
2004-04-25,0.0
2004-04-26,0.0
2004-04-27,0.0
2004-04-28,0.0
2004-04-29,0.0
2004-04-30,0.0
2004-05-01,0.0
2004-05-02,32.9
2004-05-03,65.35
2004-05-04,48.87
2004-05-05,40.11
2004-05-06,123.64
2004-05-07,104.8
2004-05-08,78.44
2004-05-09,53.82
2004-05-10,41.18
2004-05-11,30.77
2004-05-12,27.16
2004-05-13,25.67
2004-05-14,20.83
2004-05-15,17.72
2004-05-16,14.34
2004-05-17,19.1
2004-05-18,43.94
2004-05-19,53.77
2004-05-20,33.56
2004-05-21,37.32
2004-05-22,26.24
2004-05-23,31.61
2004-05-24,23.06
2004-05-25,12.03
2004-05-26,13.17
2004-05-27,23.49
2004-05-28,22.93
2004-05-29,12.4
2004-05-30,12.78
2004-05-31,15.14
2004-06-01,15.97
2004-06-02,19.11
2004-06-03,15.29
2004-06-04,130.31
2004-06-05,53.37
2004-06-06,76.12
2004-06-07,43.38
2004-06-08,56.07
2004-06-09,45.63
2004-06-10,55.26
2004-06-11,52.17
2004-06-12,50.08
2004-06-13,81.62
2004-06-14,101.3
2004-06-15,72.73
2004-06-16,76.94
2004-06-17,121.05
2004-06-18,187.18
2004-06-19,138.38
2004-06-20,90.42
2004-06-21,57.63
2004-06-22,51.77
2004-06-23,42.03
2004-06-24,39.63
2004-06-25,31.55
2004-06-26,26.83
2004-06-27,22.25
2004-06-28,24.06
2004-06-29,45.31
2004-06-30,90.01
2004-07-01,45.73
2004-07-02,41.31
2004-07-03,37.93
2004-07-04,30.55
2004-07-05,37.58
2004-07-06,25.72
2004-07-07,48.86
2004-07-08,87.87
2004-07-09,57.95
2004-07-10,108.96
2004-07-11,66.12
2004-07-12,54.75
2004-07-13,44.67
2004-07-14,39.47
2004-07-15,34.2
2004-07-16,33.56
2004-07-17,42.62
2004-07-18,37.36
2004-07-19,34.35
2004-07-20,32.24
2004-07-21,31.24
2004-07-22,39.45
2004-07-23,29.89
2004-07-24,28.04
2004-07-25,27.96
2004-07-26,23.27
2004-07-27,29.25
2004-07-28,21.82
2004-07-29,19.19
2004-07-30,28.23
2004-07-31,18.53
2004-08-01,18.28
2004-08-02,17.24
2004-08-03,18.17
2004-08-04,17.59
2004-08-05,155.83
2004-08-06,149.77
2004-08-07,93.52
2004-08-08,66.7
2004-08-09,42.95
2004-08-10,42.27
2004-08-11,36.5
2004-08-12,30.31
2004-08-13,27.46
2004-08-14,28.79
2004-08-15,40.69
2004-08-16,25.7
2004-08-17,24.02
2004-08-18,21.38
2004-08-19,18.95
2004-08-20,16.99
2004-08-21,16.53
2004-08-22,17.37
2004-08-23,17.71
2004-08-24,15.4
2004-08-25,13.47
2004-08-26,11.22
2004-08-27,16.98
2004-08-28,15.43
2004-08-29,14.92
2004-08-30,14.58
2004-08-31,9.67
2004-09-01,9.24
2004-09-02,8.41
2004-09-03,8.33
2004-09-04,8.44
2004-09-05,9.84
2004-09-06,8.8
2004-09-07,13.58
2004-09-08,11.84
2004-09-09,17.88
2004-09-10,26.1
2004-09-11,29.99
2004-09-12,23.84
2004-09-13,17.8
2004-09-14,10.53
2004-09-15,10.12
2004-09-16,24.6
2004-09-17,17.35
2004-09-18,14.82
2004-09-19,16.83
2004-09-20,21.1
2004-09-21,26.45
2004-09-22,18.15
2004-09-23,29.19
2004-09-24,24.08
2004-09-25,35.88
2004-09-26,43.63
2004-09-27,29.7
2004-09-28,91.65
2004-09-29,44.82
2004-09-30,28.28
2004-10-01,26.31
2004-10-02,23.44
2004-10-03,47.15
2004-10-04,201.23
2004-10-05,124.76
2004-10-06,89.6
2004-10-07,59.02
2004-10-08,48.31
2004-10-09,40.02
2004-10-10,33.21
2004-10-11,35.36
2004-10-12,27.58
2004-10-13,49.06
2004-10-14,48.38
2004-10-15,68.13
2004-10-16,51.08
2004-10-17,37.83
2004-10-18,72.51
2004-10-19,68.32
2004-10-20,52.75
2004-10-21,47.92
2004-10-22,53.94
2004-10-23,33.03
2004-10-24,31.65
2004-10-25,30.96
2004-10-26,30.36
2004-10-27,29.64
2004-10-28,31.87
2004-10-29,27.74
2004-10-30,33.03
2004-10-31,70.18
2004-11-01,37.98
2004-11-02,46.03
2004-11-03,29.75
2004-11-04,26.45
2004-11-05,24.75
2004-11-06,71.43
2004-11-07,46.14
2004-11-08,39.23
2004-11-09,57.35
2004-11-10,43.97
2004-11-11,51.53
2004-11-12,53.4
2004-11-13,37.32
2004-11-14,38.3
2004-11-15,32.61
2004-11-16,54.88
2004-11-17,34.48
2004-11-18,29.21
2004-11-19,26.62
2004-11-20,24.41
2004-11-21,19.95
2004-11-22,21.14
2004-11-23,18.02
2004-11-24,17.94
2004-11-25,16.32
2004-11-26,15.95
2004-11-27,14.14
2004-11-28,15.26
2004-11-29,13.1
2004-11-30,12.02
2004-12-01,10.44
2004-12-02,10.11
2004-12-03,9.74
2004-12-04,8.39
2004-12-05,8.19
2004-12-06,8.6
2004-12-07,7.44
2004-12-08,6.1
2004-12-09,4.82
2004-12-10,5.33
2004-12-11,7.03
2004-12-12,5.54
2004-12-13,9.17
2004-12-14,7.25
2004-12-15,9.17
2004-12-16,5.23
2004-12-17,9.69
2004-12-18,8.75
2004-12-19,12.43
2004-12-20,7.66
2004-12-21,6.6
2004-12-22,7.71
2004-12-23,7.25
2004-12-24,5.14
2004-12-25,4.76
2004-12-26,3.36
2004-12-27,4.44
2004-12-28,2.74
2004-12-29,4.61
2004-12-30,4.19
2004-12-31,8.67
2005-01-01,5.94
2005-01-02,5.54
2005-01-03,8.19
2005-01-04,8.92
2005-01-05,4.03
2005-01-06,4.76
2005-01-07,3.25
2005-01-08,2.97
2005-01-09,3.36
2005-01-10,3.41
2005-01-11,5.54
2005-01-12,7.71
2005-01-13,17.96
2005-01-14,16.13
2005-01-15,0.0
2005-01-16,0.0
2005-01-17,0.0
2005-01-18,0.0
2005-01-19,0.0
2005-01-20,0.0
2005-01-21,0.0
2005-01-22,0.0
2005-01-23,0.0
2005-01-24,0.0
2005-01-25,0.0
2005-01-26,0.0
2005-01-27,0.0
2005-01-28,0.0
2005-01-29,0.0
2005-01-30,0.0
2005-01-31,0.0
2005-02-01,0.0
2005-02-02,0.0
2005-02-03,0.0
2005-02-04,0.0
2005-02-05,0.0
2005-02-06,0.0
2005-02-07,0.0
2005-02-08,0.0
2005-02-09,0.0
2005-02-10,0.0
2005-02-11,0.0
2005-02-12,0.0
2005-02-13,0.0
2005-02-14,0.0
2005-02-15,0.0
2005-02-16,0.0
2005-02-17,0.0
2005-02-18,0.0
2005-02-19,0.0
2005-02-20,0.0
2005-02-21,0.0
2005-02-22,0.0
2005-02-23,0.0
2005-02-24,0.0
2005-02-25,0.0
2005-02-26,0.0
2005-02-27,0.0
2005-02-28,0.0
2005-03-01,0.0
2005-03-02,0.0
2005-03-03,0.0
2005-03-04,0.0
2005-03-05,0.0
2005-03-06,0.0
2005-03-07,0.0
2005-03-08,0.0
2005-03-09,0.0
2005-03-10,0.0
2005-03-11,0.0
2005-03-12,0.0
2005-03-13,0.0
2005-03-14,0.0
2005-03-15,0.0
2005-03-16,0.0
2005-03-17,0.0
2005-03-18,0.0
2005-03-19,0.0
2005-03-20,0.0
2005-03-21,0.0
2005-03-22,0.0
2005-03-23,0.0
2005-03-24,0.0
2005-03-25,0.0
2005-03-26,0.0
2005-03-27,0.0
2005-03-28,0.0
2005-03-29,0.0
2005-03-30,0.0
2005-03-31,0.0
2005-04-01,0.0
2005-04-02,0.0
2005-04-03,0.0
2005-04-04,0.0
2005-04-05,170.94
2005-04-06,35.42
2005-04-07,19.38
2005-04-08,17.24
2005-04-09,11.44
2005-04-10,6.37
2005-04-11,1.04
2005-04-12,48.55
2005-04-13,16.46
2005-04-14,17.04
2005-04-15,15.77
2005-04-16,12.66
2005-04-17,11.86
2005-04-18,13.09
2005-04-19,7.25
2005-04-20,15.38
2005-04-21,16.13
2005-04-22,14.85
2005-04-23,13.33
2005-04-24,12.43
2005-04-25,13.14
2005-04-26,10.21
2005-04-27,5.54
2005-04-28,4.03
2005-04-29,5.54
2005-04-30,5.14
2005-05-01,9.69
2005-05-02,15.91
2005-05-03,15.42
2005-05-04,13.0
2005-05-05,12.95
2005-05-06,31.3
2005-05-07,22.33
2005-05-08,33.31
2005-05-09,27.79
2005-05-10,25.18
2005-05-11,23.14
2005-05-12,25.11
2005-05-13,22.07
2005-05-14,18.95
2005-05-15,16.79
2005-05-16,12.58
2005-05-17,15.48
2005-05-18,13.02
2005-05-19,11.86
2005-05-20,12.43
2005-05-21,13.02
2005-05-22,11.86
2005-05-23,10.75
2005-05-24,14.54
2005-05-25,15.48
2005-05-26,13.02
2005-05-27,14.23
2005-05-28,48.46
2005-05-29,16.13
2005-05-30,220.66
2005-05-31,85.11
2005-06-01,41.29
2005-06-02,28.27
2005-06-03,27.71
2005-06-04,25.38
2005-06-05,53.7
2005-06-06,114.61
2005-06-07,53.02
2005-06-08,34.09
2005-06-09,27.17
2005-06-10,55.6
2005-06-11,59.8
2005-06-12,43.38
2005-06-13,30.15
2005-06-14,28.8
2005-06-15,18.5
2005-06-16,19.56
2005-06-17,36.63
2005-06-18,45.59
2005-06-19,22.01
2005-06-20,49.86
2005-06-21,64.57
2005-06-22,46.92
2005-06-23,39.95
2005-06-24,28.04
2005-06-25,30.87
2005-06-26,51.81
2005-06-27,48.73
2005-06-28,37.72
2005-06-29,30.1
2005-06-30,26.58
2005-07-01,45.2
2005-07-02,44.29
2005-07-03,34.47
2005-07-04,28.46
2005-07-05,42.81
2005-07-06,41.38
2005-07-07,39.05
2005-07-08,30.88
2005-07-09,49.48
2005-07-10,72.2
2005-07-11,156.42
2005-07-12,98.89
2005-07-13,77.44
2005-07-14,68.67
2005-07-15,50.13
2005-07-16,50.76
2005-07-17,48.13
2005-07-18,32.59
2005-07-19,29.18
2005-07-20,29.84
2005-07-21,32.83
2005-07-22,31.36
2005-07-23,29.88
2005-07-24,33.42
2005-07-25,53.52
2005-07-26,37.85
2005-07-27,42.81
2005-07-28,63.74
2005-07-29,63.04
2005-07-30,55.44
2005-07-31,64.4
2005-08-01,73.9
2005-08-02,73.14
2005-08-03,60.83
2005-08-04,46.58
2005-08-05,38.53
2005-08-06,35.33
2005-08-07,34.21
2005-08-08,26.9
2005-08-09,23.92
2005-08-10,22.53
2005-08-11,25.5
2005-08-12,23.68
2005-08-13,21.74
2005-08-14,19.19
2005-08-15,18.98
2005-08-16,14.4
2005-08-17,11.98
2005-08-18,10.56
2005-08-19,9.77
2005-08-20,8.26
2005-08-21,11.51
2005-08-22,6.86
2005-08-23,6.75
2005-08-24,7.18
2005-08-25,11.57
2005-08-26,9.3
2005-08-27,7.33
2005-08-28,15.16
2005-08-29,24.9
2005-08-30,22.32
2005-08-31,25.75
2005-09-01,63.6
2005-09-02,33.35
2005-09-03,95.06
2005-09-04,67.29
2005-09-05,237.62
2005-09-06,103.34
2005-09-07,77.58
2005-09-08,65.04
2005-09-09,69.07
2005-09-10,58.1
2005-09-11,74.2
2005-09-12,68.65
2005-09-13,61.01
2005-09-14,51.32
2005-09-15,49.34
2005-09-16,39.24
2005-09-17,37.28
2005-09-18,24.05
2005-09-19,23.2
2005-09-20,21.39
2005-09-21,21.76
2005-09-22,20.39
2005-09-23,14.97
2005-09-24,20.56
2005-09-25,18.35
2005-09-26,16.42
2005-09-27,14.46
2005-09-28,10.66
2005-09-29,10.93
2005-09-30,7.34
2005-10-01,7.1
2005-10-02,11.85
2005-10-03,6.61
2005-10-04,6.38
2005-10-05,9.83
2005-10-06,14.0
2005-10-07,18.9
2005-10-08,17.49
2005-10-09,18.35
2005-10-10,21.14
2005-10-11,17.94
2005-10-12,21.34
2005-10-13,61.94
2005-10-14,38.44
2005-10-15,39.73
2005-10-16,26.87
2005-10-17,21.22
2005-10-18,19.7
2005-10-19,21.93
2005-10-20,25.43
2005-10-21,38.72
2005-10-22,40.74
2005-10-23,84.51
2005-10-24,39.99
2005-10-25,51.23
2005-10-26,37.78
2005-10-27,32.58
2005-10-28,24.74
2005-10-29,32.25
2005-10-30,22.68
2005-10-31,20.99
2005-11-01,22.68
2005-11-02,28.97
2005-11-03,20.91
2005-11-04,21.33
2005-11-05,23.74
2005-11-06,29.32
2005-11-07,52.34
2005-11-08,35.65
2005-11-09,69.62
2005-11-10,71.33
2005-11-11,70.98
2005-11-12,76.05
2005-11-13,70.22
2005-11-14,79.9
2005-11-15,49.34
2005-11-16,47.65
2005-11-17,37.98
2005-11-18,33.02
2005-11-19,26.81
2005-11-20,20.47
2005-11-21,24.9
2005-11-22,32.2
2005-11-23,25.71
2005-11-24,75.31
2005-11-25,58.95
2005-11-26,37.5
2005-11-27,28.58
2005-11-28,28.48
2005-11-29,39.8
2005-11-30,36.75
2005-12-01,38.66
2005-12-02,33.16
2005-12-03,18.81
2005-12-04,25.45
2005-12-05,96.09
2005-12-06,48.86
2005-12-07,36.68
2005-12-08,33.16
2005-12-09,24.39
2005-12-10,19.3
2005-12-11,207.2
2005-12-12,296.22
2005-12-13,152.12
2005-12-14,98.17
2005-12-15,79.99
2005-12-16,62.9
2005-12-17,54.12
2005-12-18,39.39
2005-12-19,37.48
2005-12-20,35.54
2005-12-21,33.3
2005-12-22,31.01
2005-12-23,21.79
2005-12-24,18.18
2005-12-25,13.32
2005-12-26,11.23
2005-12-27,13.32
2005-12-28,11.64
2005-12-29,11.64
2005-12-30,9.64
2005-12-31,12.05
2006-01-01,12.05
2006-01-02,14.81
2006-01-03,14.08
2006-01-04,14.54
2006-01-05,14.04
2006-01-06,10.47
2006-01-07,12.53
2006-01-08,12.89
2006-01-09,10.79
2006-01-10,10.03
2006-01-11,9.32
2006-01-12,6.07
2006-01-13,8.4
2006-01-14,7.45
2006-01-15,8.88
2006-01-16,8.57
2006-01-17,8.83
2006-01-18,8.49
2006-01-19,7.84
2006-01-20,6.82
2006-01-21,6.78
2006-01-22,8.33
2006-01-23,5.2
2006-01-24,4.41
2006-01-25,4.19
2006-01-26,5.11
2006-01-27,3.89
2006-01-28,4.01
2006-01-29,5.74
2006-01-30,5.42
2006-01-31,5.58
2006-02-01,0.0
2006-02-02,0.0
2006-02-03,0.0
2006-02-04,0.0
2006-02-05,0.0
2006-02-06,0.0
2006-02-07,0.0
2006-02-08,0.0
2006-02-09,0.0
2006-02-10,0.0
2006-02-11,0.0
2006-02-12,0.0
2006-02-13,0.0
2006-02-14,0.0
2006-02-15,0.0
2006-02-16,0.0
2006-02-17,0.0
2006-02-18,0.0
2006-02-19,0.0
2006-02-20,0.0
2006-02-21,0.0
2006-02-22,0.0
2006-02-23,0.0
2006-02-24,0.0
2006-02-25,0.0
2006-02-26,0.0
2006-02-27,0.0
2006-02-28,0.0
2006-03-01,0.0
2006-03-02,0.0
2006-03-03,0.0
2006-03-04,0.0
2006-03-05,0.0
2006-03-06,0.0
2006-03-07,0.0
2006-03-08,0.0
2006-03-09,0.0
2006-03-10,0.0
2006-03-11,0.0
2006-03-12,0.0
2006-03-13,0.0
2006-03-14,0.0
2006-03-15,0.0
2006-03-16,0.0
2006-03-17,0.0
2006-03-18,0.0
2006-03-19,0.0
2006-03-20,0.0
2006-03-21,0.0
2006-03-22,0.0
2006-03-23,0.0
2006-03-24,0.0
2006-03-25,0.0
2006-03-26,0.0
2006-03-27,0.0
2006-03-28,0.0
2006-03-29,0.0
2006-03-30,0.0
2006-03-31,0.0
2006-04-01,0.0
2006-04-02,0.0
2006-04-03,0.0
2006-04-04,0.0
2006-04-05,0.0
2006-04-06,0.0
2006-04-07,0.0
2006-04-08,0.0
2006-04-09,0.0
2006-04-10,0.0
2006-04-11,0.0
2006-04-12,0.0
2006-04-13,0.0
2006-04-14,0.0
2006-04-15,0.0
2006-04-16,0.0
2006-04-17,0.0
2006-04-18,0.0
2006-04-19,0.0
2006-04-20,0.0
2006-04-21,0.0
2006-04-22,0.0
2006-04-23,0.0
2006-04-24,0.0
2006-04-25,0.0
2006-04-26,0.0
2006-04-27,0.0
2006-04-28,0.0
2006-04-29,0.0
2006-04-30,0.0
2006-05-01,0.0
2006-05-02,0.0
2006-05-03,0.0
2006-05-04,0.0
2006-05-05,0.0
2006-05-06,0.0
2006-05-07,0.0
2006-05-08,0.0
2006-05-09,0.0
2006-05-10,0.0
2006-05-11,0.0
2006-05-12,0.0
2006-05-13,0.0
2006-05-14,0.0
2006-05-15,0.0
2006-05-16,0.0
2006-05-17,0.0
2006-05-18,0.0
2006-05-19,0.0
2006-05-20,0.0
2006-05-21,0.0
2006-05-22,0.0
2006-05-23,0.0
2006-05-24,0.0
2006-05-25,21.88
2006-05-26,23.47
2006-05-27,32.33
2006-05-28,27.63
2006-05-29,53.84
2006-05-30,67.62
2006-05-31,84.83
2006-06-01,122.5
2006-06-02,55.15
2006-06-03,38.41
2006-06-04,28.94
2006-06-05,21.62
2006-06-06,23.95
2006-06-07,18.73
2006-06-08,14.34
2006-06-09,11.95
2006-06-10,12.72
2006-06-11,11.46
2006-06-12,10.21
2006-06-13,7.28
2006-06-14,7.75
2006-06-15,6.46
2006-06-16,11.65
2006-06-17,7.21
2006-06-18,9.14
2006-06-19,6.9
2006-06-20,11.49
2006-06-21,12.31
2006-06-22,19.49
2006-06-23,101.39
2006-06-24,141.2
2006-06-25,88.23
2006-06-26,35.55
2006-06-27,26.33
2006-06-28,22.65
2006-06-29,22.85
2006-06-30,13.58
2006-07-01,10.65
2006-07-02,15.09
2006-07-03,13.57
2006-07-04,40.56
2006-07-05,61.17
2006-07-06,72.77
2006-07-07,51.56
2006-07-08,39.37
2006-07-09,28.22
2006-07-10,24.4
2006-07-11,36.1
2006-07-12,29.05
2006-07-13,73.21
2006-07-14,66.22
2006-07-15,59.49
2006-07-16,63.9
2006-07-17,39.95
2006-07-18,53.26
2006-07-19,40.81
2006-07-20,36.63
2006-07-21,31.43
2006-07-22,23.66
2006-07-23,24.5
2006-07-24,21.17
2006-07-25,19.18
2006-07-26,19.81
2006-07-27,12.61
2006-07-28,21.61
2006-07-29,19.34
2006-07-30,14.34
2006-07-31,8.95
2006-08-01,7.81
2006-08-02,5.64
2006-08-03,7.75
2006-08-04,6.47
2006-08-05,8.87
2006-08-06,10.12
2006-08-07,4.41
2006-08-08,4.2
2006-08-09,9.3
2006-08-10,5.76
2006-08-11,9.48
2006-08-12,36.24
2006-08-13,27.27
2006-08-14,31.15
2006-08-15,37.0
2006-08-16,64.22
2006-08-17,74.72
2006-08-18,45.43
2006-08-19,80.93
2006-08-20,44.63
2006-08-21,38.02
2006-08-22,31.62
2006-08-23,25.24
2006-08-24,22.01
2006-08-25,20.09
2006-08-26,17.23
2006-08-27,14.34
2006-08-28,11.14
2006-08-29,8.67
2006-08-30,9.61
2006-08-31,11.66
2006-09-01,7.32
2006-09-02,9.71
2006-09-03,9.3
2006-09-04,6.69
2006-09-05,9.14
2006-09-06,7.28
2006-09-07,4.99
2006-09-08,31.41
2006-09-09,51.88
2006-09-10,118.7
2006-09-11,47.71
2006-09-12,46.26
2006-09-13,62.94
2006-09-14,72.17
2006-09-15,45.03
2006-09-16,98.05
2006-09-17,175.1
2006-09-18,144.52
2006-09-19,92.73
2006-09-20,71.38
2006-09-21,60.59
2006-09-22,86.95
2006-09-23,46.71
2006-09-24,52.16
2006-09-25,157.23
2006-09-26,231.64
2006-09-27,98.06
2006-09-28,71.91
2006-09-29,60.1
2006-09-30,47.16
2006-10-01,31.38
2006-10-02,27.27
2006-10-03,26.32
2006-10-04,24.33
2006-10-05,25.03
2006-10-06,22.05
2006-10-07,47.81
2006-10-08,111.3
2006-10-09,54.44
2006-10-10,115.9
2006-10-11,62.83
2006-10-12,46.52
2006-10-13,44.9
2006-10-14,47.18
2006-10-15,66.86
2006-10-16,89.43
2006-10-17,98.35
2006-10-18,59.84
2006-10-19,180.57
2006-10-20,86.85
2006-10-21,71.43
2006-10-22,96.01
2006-10-23,95.92
2006-10-24,79.22
2006-10-25,66.11
2006-10-26,47.43
2006-10-27,83.67
2006-10-28,96.94
2006-10-29,279.9
2006-10-30,287.23
2006-10-31,161.76
2006-11-01,174.03
2006-11-02,117.0
2006-11-03,103.96
2006-11-04,83.25
2006-11-05,75.65
2006-11-06,85.87
2006-11-07,134.56
2006-11-08,74.99
2006-11-09,84.72
2006-11-10,75.13
2006-11-11,49.32
2006-11-12,58.23
2006-11-13,46.5
2006-11-14,39.68
2006-11-15,36.66
2006-11-16,46.44
2006-11-17,40.98
2006-11-18,51.1
2006-11-19,56.38
2006-11-20,48.55
2006-11-21,45.21
2006-11-22,47.9
2006-11-23,76.0
2006-11-24,47.82
2006-11-25,60.47
2006-11-26,48.05
2006-11-27,74.4
2006-11-28,48.58
2006-11-29,41.45
2006-11-30,32.27
2006-12-01,30.82
2006-12-02,24.45
2006-12-03,23.82
2006-12-04,21.15
2006-12-05,20.33
2006-12-06,19.7
2006-12-07,19.17
2006-12-08,19.31
2006-12-09,18.88
2006-12-10,13.09
2006-12-11,7.92
2006-12-12,16.43
2006-12-13,22.3
2006-12-14,12.1
2006-12-15,11.8
2006-12-16,9.57
2006-12-17,5.94
2006-12-18,7.14
2006-12-19,6.41
2006-12-20,5.96
2006-12-21,5.77
2006-12-22,9.35
2006-12-23,5.51
2006-12-24,4.88
2006-12-25,4.71
2006-12-26,5.73
2006-12-27,4.96
2006-12-28,4.21
2006-12-29,4.43
2006-12-30,3.19
2006-12-31,3.02
2007-01-01,3.18
2007-01-02,1.56
2007-01-03,1.16
2007-01-04,1.16
2007-01-05,1.16
2007-01-06,2.39
2007-01-07,2.49
2007-01-08,2.75
2007-01-09,1.63
2007-01-10,2.75
2007-01-11,1.98
2007-01-12,1.96
2007-01-13,1.21
2007-01-14,1.56
2007-01-15,0.88
2007-01-16,0.53
2007-01-17,0.0
2007-01-18,0.0
2007-01-19,0.0
2007-01-20,0.0
2007-01-21,0.0
2007-01-22,0.0
2007-01-23,0.0
2007-01-24,0.0
2007-01-25,0.0
2007-01-26,0.0
2007-01-27,0.0
2007-01-28,0.0
2007-01-29,0.0
2007-01-30,0.0
2007-01-31,0.0
2007-02-01,0.0
2007-02-02,0.0
2007-02-03,0.0
2007-02-04,0.0
2007-02-05,0.0
2007-02-06,0.0
2007-02-07,0.0
2007-02-08,0.0
2007-02-09,0.0
2007-02-10,0.0
2007-02-11,0.0
2007-02-12,0.0
2007-02-13,0.0
2007-02-14,0.0
2007-02-15,0.0
2007-02-16,0.0
2007-02-17,0.0
2007-02-18,0.0
2007-02-19,0.0
2007-02-20,0.0
2007-02-21,0.0
2007-02-22,0.0
2007-02-23,0.0
2007-02-24,0.0
2007-02-25,0.0
2007-02-26,0.0
2007-02-27,0.0
2007-02-28,0.0
2007-03-01,0.0
2007-03-02,0.0
2007-03-03,0.0
2007-03-04,0.0
2007-03-05,0.0
2007-03-06,0.0
2007-03-07,0.0
2007-03-08,0.0
2007-03-09,0.0
2007-03-10,0.0
2007-03-11,0.0
2007-03-12,0.0
2007-03-13,0.0
2007-03-14,0.0
2007-03-15,0.0
2007-03-16,0.0
2007-03-17,0.0
2007-03-18,0.0
2007-03-19,0.0
2007-03-20,0.0
2007-03-21,0.0
2007-03-22,0.0
2007-03-23,0.0
2007-03-24,0.0
2007-03-25,0.0
2007-03-26,0.0
2007-03-27,0.0
2007-03-28,0.0
2007-03-29,0.0
2007-03-30,0.0
2007-03-31,0.0
2007-04-01,0.0
2007-04-02,0.0
2007-04-03,0.0
2007-04-04,0.0
2007-04-05,0.0
2007-04-06,0.0
2007-04-07,0.0
2007-04-08,0.0
2007-04-09,0.0
2007-04-10,0.0
2007-04-11,0.0
2007-04-12,0.0
2007-04-13,0.0
2007-04-14,0.0
2007-04-15,0.0
2007-04-16,0.0
2007-04-17,0.0
2007-04-18,0.0
2007-04-19,0.0
2007-04-20,0.0
2007-04-21,0.0
2007-04-22,0.0
2007-04-23,0.0
2007-04-24,0.0
2007-04-25,0.0
2007-04-26,0.0
2007-04-27,0.0
2007-04-28,0.0
2007-04-29,0.0
2007-04-30,0.0
2007-05-01,0.0
2007-05-02,0.0
2007-05-03,0.0
2007-05-04,0.0
2007-05-05,0.0
2007-05-06,0.0
2007-05-07,0.0
2007-05-08,0.0
2007-05-09,0.0
2007-05-10,0.0
2007-05-11,0.0
2007-05-12,0.0
2007-05-13,0.0
2007-05-14,0.0
2007-05-15,0.0
2007-05-16,0.0
2007-05-17,0.0
2007-05-18,0.0
2007-05-19,0.0
2007-05-20,0.0
2007-05-21,0.0
2007-05-22,0.0
2007-05-23,0.0
2007-05-24,0.0
2007-05-25,0.0
2007-05-26,0.0
2007-05-27,0.0
2007-05-28,0.0
2007-05-29,45.67
2007-05-30,28.71
2007-05-31,29.08
2007-06-01,12.25
2007-06-02,11.01
2007-06-03,9.2
2007-06-04,8.28
2007-06-05,5.78
2007-06-06,5.04
2007-06-07,8.4
2007-06-08,7.12
2007-06-09,9.32
2007-06-10,11.16
2007-06-11,9.12
2007-06-12,13.59
2007-06-13,16.48
2007-06-14,22.87
2007-06-15,34.91
2007-06-16,86.16
2007-06-17,84.15
2007-06-18,62.11
2007-06-19,68.47
2007-06-20,40.89
2007-06-21,69.93
2007-06-22,281.17
2007-06-23,212.17
2007-06-24,140.3
2007-06-25,87.26
2007-06-26,60.98
2007-06-27,44.15
2007-06-28,35.8
2007-06-29,25.63
2007-06-30,21.74
2007-07-01,31.5
2007-07-02,35.44
2007-07-03,47.21
2007-07-04,32.1
2007-07-05,28.01
2007-07-06,31.2
2007-07-07,31.66
2007-07-08,26.95
2007-07-09,20.32
2007-07-10,25.05
2007-07-11,32.45
2007-07-12,39.25
2007-07-13,45.87
2007-07-14,43.59
2007-07-15,52.68
2007-07-16,42.37
2007-07-17,323.28
2007-07-18,157.26
2007-07-19,95.34
2007-07-20,80.29
2007-07-21,105.7
2007-07-22,75.44
2007-07-23,59.45
2007-07-24,49.56
2007-07-25,60.4
2007-07-26,72.35
2007-07-27,69.97
2007-07-28,50.99
2007-07-29,49.49
2007-07-30,39.15
2007-07-31,35.4
2007-08-01,63.0
2007-08-02,44.36
2007-08-03,113.1
2007-08-04,65.56
2007-08-05,54.3
2007-08-06,45.6
2007-08-07,44.23
2007-08-08,39.44
2007-08-09,42.09
2007-08-10,43.62
2007-08-11,41.72
2007-08-12,38.68
2007-08-13,28.49
2007-08-14,29.3
2007-08-15,24.26
2007-08-16,23.82
2007-08-17,21.92
2007-08-18,20.22
2007-08-19,17.55
2007-08-20,20.45
2007-08-21,15.2
2007-08-22,19.18
2007-08-23,8.75
2007-08-24,10.43
2007-08-25,12.55
2007-08-26,17.01
2007-08-27,17.01
2007-08-28,14.25
2007-08-29,25.57
2007-08-30,35.39
2007-08-31,73.54
2007-09-01,46.61
2007-09-02,30.61
2007-09-03,30.18
2007-09-04,22.26
2007-09-05,26.59
2007-09-06,71.84
2007-09-07,39.98
2007-09-08,38.69
2007-09-09,41.85
2007-09-10,95.3
2007-09-11,58.21
2007-09-12,48.18
2007-09-13,37.98
2007-09-14,33.91
2007-09-15,53.19
2007-09-16,69.68
2007-09-17,73.21
2007-09-18,72.15
2007-09-19,120.66
2007-09-20,134.65
2007-09-21,92.05
2007-09-22,102.56
2007-09-23,88.94
2007-09-24,81.92
2007-09-25,79.21
2007-09-26,59.37
2007-09-27,48.75
2007-09-28,45.13
2007-09-29,42.11
2007-09-30,35.84
2007-10-01,28.98
2007-10-02,27.37
2007-10-03,30.14
2007-10-04,23.96
2007-10-05,19.97
2007-10-06,18.55
2007-10-07,21.87
2007-10-08,23.49
2007-10-09,25.93
2007-10-10,17.95
2007-10-11,47.89
2007-10-12,40.86
2007-10-13,53.6
2007-10-14,38.44
2007-10-15,22.33
2007-10-16,57.27
2007-10-17,67.86
2007-10-18,85.94
2007-10-19,115.0
2007-10-20,132.11
2007-10-21,113.7
2007-10-22,79.49
2007-10-23,64.01
2007-10-24,53.28
2007-10-25,165.18
2007-10-26,77.73
2007-10-27,82.38
2007-10-28,75.69
2007-10-29,58.97
2007-10-30,71.25
2007-10-31,66.75
2007-11-01,47.81
2007-11-02,41.5
2007-11-03,85.15
2007-11-04,47.15
2007-11-05,44.3
2007-11-06,61.6
2007-11-07,69.04
2007-11-08,50.28
2007-11-09,202.93
2007-11-10,111.96
2007-11-11,108.4
2007-11-12,59.08
2007-11-13,47.12
2007-11-14,46.59
2007-11-15,39.37
2007-11-16,35.08
2007-11-17,32.3
2007-11-18,30.83
2007-11-19,27.31
2007-11-20,27.77
2007-11-21,26.57
2007-11-22,26.2
2007-11-23,24.76
2007-11-24,20.71
2007-11-25,19.02
2007-11-26,23.38
2007-11-27,19.51
2007-11-28,19.15
2007-11-29,19.08
2007-11-30,24.31
2007-12-01,18.32
2007-12-02,18.21
2007-12-03,17.59
2007-12-04,13.8
2007-12-05,13.19
2007-12-06,12.6
2007-12-07,10.33
2007-12-08,8.84
2007-12-09,8.04
2007-12-10,7.63
2007-12-11,11.15
2007-12-12,10.0
2007-12-13,11.09
2007-12-14,10.94
2007-12-15,10.2
2007-12-16,13.52
2007-12-17,10.13
2007-12-18,8.43
2007-12-19,8.56
2007-12-20,10.66
2007-12-21,9.32
2007-12-22,7.63
2007-12-23,6.43
2007-12-24,3.61
2007-12-25,5.31
2007-12-26,7.15
2007-12-27,6.9
2007-12-28,5.67
2007-12-29,3.93
2007-12-30,3.61
2007-12-31,5.01
2008-01-01,3.73
2008-01-02,4.26
2008-01-03,0.0
2008-01-04,0.0
2008-01-05,0.0
2008-01-06,0.0
2008-01-07,0.0
2008-01-08,0.0
2008-01-09,0.0
2008-01-10,0.0
2008-01-11,0.0
2008-01-12,0.0
2008-01-13,0.0
2008-01-14,0.0
2008-01-15,0.0
2008-01-16,0.0
2008-01-17,0.0
2008-01-18,0.0
2008-01-19,0.0
2008-01-20,0.0
2008-01-21,0.0
2008-01-22,0.0
2008-01-23,0.0
2008-01-24,0.0
2008-01-25,0.0
2008-01-26,0.0
2008-01-27,0.0
2008-01-28,0.0
2008-01-29,0.0
2008-01-30,0.0
2008-01-31,0.0
2008-02-01,0.0
2008-02-02,0.0
2008-02-03,0.0
2008-02-04,0.0
2008-02-05,0.0
2008-02-06,0.0
2008-02-07,0.0
2008-02-08,0.0
2008-02-09,0.0
2008-02-10,0.0
2008-02-11,0.0
2008-02-12,0.0
2008-02-13,0.0
2008-02-14,0.0
2008-02-15,0.0
2008-02-16,0.0
2008-02-17,0.0
2008-02-18,0.0
2008-02-19,0.0
2008-02-20,0.0
2008-02-21,0.0
2008-02-22,0.0
2008-02-23,0.0
2008-02-24,0.0
2008-02-25,0.0
2008-02-26,0.0
2008-02-27,0.0
2008-02-28,0.0
2008-02-29,0.0
2008-03-01,0.0
2008-03-02,0.0
2008-03-03,0.0
2008-03-04,0.0
2008-03-05,0.0
2008-03-06,0.0
2008-03-07,0.0
2008-03-08,0.0
2008-03-09,0.0
2008-03-10,0.0
2008-03-11,0.0
2008-03-12,0.0
2008-03-13,0.0
2008-03-14,0.0
2008-03-15,0.0
2008-03-16,0.0
2008-03-17,0.0
2008-03-18,0.0
2008-03-19,0.0
2008-03-20,0.0
2008-03-21,0.0
2008-03-22,0.0
2008-03-23,0.0
2008-03-24,0.0
2008-03-25,0.0
2008-03-26,0.0
2008-03-27,0.0
2008-03-28,0.0
2008-03-29,0.0
2008-03-30,0.0
2008-03-31,0.0
2008-04-01,0.0
2008-04-02,0.0
2008-04-03,0.0
2008-04-04,0.0
2008-04-05,0.0
2008-04-06,0.0
2008-04-07,0.0
2008-04-08,0.0
2008-04-09,0.0
2008-04-10,0.0
2008-04-11,0.0
2008-04-12,0.0
2008-04-13,0.0
2008-04-14,0.0
2008-04-15,0.0
2008-04-16,0.0
2008-04-17,0.0
2008-04-18,0.0
2008-04-19,0.0
2008-04-20,0.0
2008-04-21,0.0
2008-04-22,0.0
2008-04-23,0.0
2008-04-24,0.0
2008-04-25,0.0
2008-04-26,0.0
2008-04-27,0.0
2008-04-28,0.0
2008-04-29,0.0
2008-04-30,0.0
2008-05-01,0.0
2008-05-02,0.0
2008-05-03,0.0
2008-05-04,0.0
2008-05-05,0.0
2008-05-06,0.0
2008-05-07,0.0
2008-05-08,0.0
2008-05-09,0.0
2008-05-10,0.0
2008-05-11,0.0
2008-05-12,0.0
2008-05-13,0.0
2008-05-14,0.0
2008-05-15,0.0
2008-05-16,0.0
2008-05-17,0.0
2008-05-18,0.0
2008-05-19,0.0
2008-05-20,0.0
2008-05-21,0.0
2008-05-22,0.0
2008-05-23,0.0
2008-05-24,0.0
2008-05-25,0.0
2008-05-26,0.0
2008-05-27,0.0
2008-05-28,0.0
2008-05-29,0.0
2008-05-30,0.0
2008-05-31,0.0
2008-06-01,0.0
2008-06-02,0.0
2008-06-03,0.0
2008-06-04,0.0
2008-06-05,0.0
2008-06-06,0.0
2008-06-07,0.0
2008-06-08,0.0
2008-06-09,0.0
2008-06-10,0.0
2008-06-11,0.0
2008-06-12,0.0
2008-06-13,0.0
2008-06-14,0.0
2008-06-15,0.0
2008-06-16,0.0
2008-06-17,0.0
2008-06-18,0.0
2008-06-19,0.0
2008-06-20,0.0
2008-06-21,0.0
2008-06-22,0.0
2008-06-23,0.0
2008-06-24,0.0
2008-06-25,0.0
2008-06-26,0.0
2008-06-27,0.0
2008-06-28,0.0
2008-06-29,0.0
2008-06-30,0.0
2008-07-01,7.5
2008-07-02,25.49
2008-07-03,13.78
2008-07-04,7.13
2008-07-05,0.0
2008-07-06,0.0
2008-07-07,0.0
2008-07-08,0.0
2008-07-09,0.0
2008-07-10,0.0
2008-07-11,0.0
2008-07-12,0.0
2008-07-13,0.0
2008-07-14,0.0
2008-07-15,0.0
2008-07-16,88.73
2008-07-17,32.61
2008-07-18,19.57
2008-07-19,15.74
2008-07-20,25.87
2008-07-21,23.4
2008-07-22,17.33
2008-07-23,24.63
2008-07-24,88.09
2008-07-25,48.58
2008-07-26,83.81
2008-07-27,75.94
2008-07-28,40.8
2008-07-29,90.43
2008-07-30,139.45
2008-07-31,98.3
2008-08-01,79.6
2008-08-02,61.97
2008-08-03,42.44
2008-08-04,33.34
2008-08-05,25.38
2008-08-06,42.08
2008-08-07,21.15
2008-08-08,16.94
2008-08-09,16.38
2008-08-10,17.1
2008-08-11,23.95
2008-08-12,25.0
2008-08-13,26.39
2008-08-14,23.55
2008-08-15,16.92
2008-08-16,15.82
2008-08-17,14.12
2008-08-18,14.56
2008-08-19,13.62
2008-08-20,12.7
2008-08-21,12.0
2008-08-22,12.12
2008-08-23,10.87
2008-08-24,9.95
2008-08-25,9.35
2008-08-26,5.63
2008-08-27,4.85
2008-08-28,8.43
2008-08-29,13.82
2008-08-30,22.7
2008-08-31,80.76
2008-09-01,118.07
2008-09-02,68.81
2008-09-03,49.07
2008-09-04,49.27
2008-09-05,31.49
2008-09-06,58.53
2008-09-07,87.54
2008-09-08,103.1
2008-09-09,89.77
2008-09-10,66.42
2008-09-11,96.48
2008-09-12,80.15
2008-09-13,86.3
2008-09-14,75.05
2008-09-15,46.65
2008-09-16,35.69
2008-09-17,31.28
2008-09-18,25.2
2008-09-19,25.11
2008-09-20,26.43
2008-09-21,30.13
2008-09-22,23.33
2008-09-23,15.4
2008-09-24,14.5
2008-09-25,13.66
2008-09-26,11.07
2008-09-27,13.5
2008-09-28,11.18
2008-09-29,10.15
2008-09-30,9.91
2008-10-01,9.95
2008-10-02,11.81
2008-10-03,12.28
2008-10-04,9.54
2008-10-05,10.87
2008-10-06,8.54
2008-10-07,8.87
2008-10-08,12.3
2008-10-09,16.92
2008-10-10,21.41
2008-10-11,12.13
2008-10-12,14.98
2008-10-13,15.37
2008-10-14,15.49
2008-10-15,32.27
2008-10-16,20.67
2008-10-17,21.78
2008-10-18,23.58
2008-10-19,32.34
2008-10-20,123.74
2008-10-21,80.33
2008-10-22,83.76
2008-10-23,65.3
2008-10-24,82.51
2008-10-25,223.12
2008-10-26,204.7
2008-10-27,95.47
2008-10-28,64.61
2008-10-29,55.4
2008-10-30,48.76
2008-10-31,35.51
2008-11-01,37.14
2008-11-02,35.07
2008-11-03,30.16
2008-11-04,25.97
2008-11-05,25.5
2008-11-06,26.95
2008-11-07,25.1
2008-11-08,23.66
2008-11-09,22.22
2008-11-10,19.41
2008-11-11,18.02
2008-11-12,15.63
2008-11-13,32.57
2008-11-14,19.94
2008-11-15,15.27
2008-11-16,14.85
2008-11-17,14.85
2008-11-18,24.25
2008-11-19,24.0
2008-11-20,24.22
2008-11-21,22.5
2008-11-22,15.06
2008-11-23,21.63
2008-11-24,23.79
2008-11-25,41.51
2008-11-26,25.88
2008-11-27,42.78
2008-11-28,40.5
2008-11-29,49.78
2008-11-30,42.93
2008-12-01,39.83
2008-12-02,26.0
2008-12-03,22.21
2008-12-04,20.66
2008-12-05,18.62
2008-12-06,19.94
2008-12-07,18.97
2008-12-08,18.07
2008-12-09,21.4
2008-12-10,20.53
2008-12-11,22.58
2008-12-12,20.5
2008-12-13,19.42
2008-12-14,18.51
2008-12-15,17.68
2008-12-16,17.44
2008-12-17,14.98
2008-12-18,14.43
2008-12-19,13.04
2008-12-20,12.67
2008-12-21,12.59
2008-12-22,10.82
2008-12-23,10.0
2008-12-24,8.16
2008-12-25,6.83
2008-12-26,7.61
2008-12-27,6.88
2008-12-28,5.58
2008-12-29,5.95
2008-12-30,5.24
2008-12-31,3.82
2009-01-01,3.57
2009-01-02,3.29
2009-01-03,2.89
2009-01-04,4.15
2009-01-05,2.71
2009-01-06,3.36
2009-01-07,3.11
2009-01-08,0.0
2009-01-09,0.0
2009-01-10,0.0
2009-01-11,0.0
2009-01-12,0.0
2009-01-13,0.0
2009-01-14,0.0
2009-01-15,0.0
2009-01-16,0.0
2009-01-17,0.0
2009-01-18,0.0
2009-01-19,0.0
2009-01-20,0.0
2009-01-21,0.0
2009-01-22,0.0
2009-01-23,0.0
2009-01-24,0.0
2009-01-25,0.0
2009-01-26,0.0
2009-01-27,0.0
2009-01-28,0.0
2009-01-29,0.0
2009-01-30,0.0
2009-01-31,0.0
2009-02-01,0.0
2009-02-02,0.0
2009-02-03,0.0
2009-02-04,0.0
2009-02-05,0.0
2009-02-06,0.0
2009-02-07,0.0
2009-02-08,0.0
2009-02-09,0.0
2009-02-10,0.0
2009-02-11,0.0
2009-02-12,0.0
2009-02-13,0.0
2009-02-14,0.0
2009-02-15,0.0
2009-02-16,0.0
2009-02-17,0.0
2009-02-18,0.0
2009-02-19,0.0
2009-02-20,0.0
2009-02-21,0.0
2009-02-22,0.0
2009-02-23,0.0
2009-02-24,0.0
2009-02-25,0.0
2009-02-26,0.0
2009-02-27,0.0
2009-02-28,0.0
2009-03-01,0.0
2009-03-02,0.0
2009-03-03,0.0
2009-03-04,0.0
2009-03-05,0.0
2009-03-06,0.0
2009-03-07,0.0
2009-03-08,0.0
2009-03-09,0.0
2009-03-10,0.0
2009-03-11,0.0
2009-03-12,0.0
2009-03-13,0.0
2009-03-14,0.0
2009-03-15,0.0
2009-03-16,0.0
2009-03-17,0.0
2009-03-18,0.0
2009-03-19,0.0
2009-03-20,0.0
2009-03-21,0.0
2009-03-22,0.0
2009-03-23,0.0
2009-03-24,0.0
2009-03-25,0.0
2009-03-26,0.0
2009-03-27,0.0
2009-03-28,0.0
2009-03-29,0.0
2009-03-30,0.0
2009-03-31,0.0
2009-04-01,0.0
2009-04-02,0.0
2009-04-03,0.0
2009-04-04,0.0
2009-04-05,0.0
2009-04-06,0.0
2009-04-07,0.0
2009-04-08,0.0
2009-04-09,0.0
2009-04-10,0.0
2009-04-11,0.0
2009-04-12,0.0
2009-04-13,0.0
2009-04-14,0.0
2009-04-15,0.0
2009-04-16,0.0
2009-04-17,0.0
2009-04-18,0.0
2009-04-19,0.0
2009-04-20,0.0
2009-04-21,0.0
2009-04-22,0.0
2009-04-23,0.0
2009-04-24,0.0
2009-04-25,0.0
2009-04-26,0.0
2009-04-27,0.0
2009-04-28,0.0
2009-04-29,0.0
2009-04-30,0.0
2009-05-01,0.0
2009-05-02,0.0
2009-05-03,0.0
2009-05-04,0.0
2009-05-05,0.0
2009-05-06,0.0
2009-05-07,0.0
2009-05-08,0.0
2009-05-09,0.0
2009-05-10,0.0
2009-05-11,0.0
2009-05-12,0.0
2009-05-13,0.0
2009-05-14,0.0
2009-05-15,0.0
2009-05-16,0.0
2009-05-17,0.0
2009-05-18,0.0
2009-05-19,0.0
2009-05-20,0.0
2009-05-21,0.0
2009-05-22,0.0
2009-05-23,0.0
2009-05-24,0.0
2009-05-25,46.26
2009-05-26,38.25
2009-05-27,41.33
2009-05-28,21.75
2009-05-29,0.0
2009-05-30,0.0
2009-05-31,0.0
2009-06-01,0.0
2009-06-02,0.0
2009-06-03,0.0
2009-06-04,0.0
2009-06-05,0.0
2009-06-06,0.0
2009-06-07,0.0
2009-06-08,0.0
2009-06-09,0.0
2009-06-10,0.0
2009-06-11,0.0
2009-06-12,0.0
2009-06-13,0.0
2009-06-14,0.0
2009-06-15,0.0
2009-06-16,0.0
2009-06-17,0.0
2009-06-18,0.0
2009-06-19,0.0
2009-06-20,0.0
2009-06-21,0.0
2009-06-22,0.0
2009-06-23,0.0
2009-06-24,14.58
2009-06-25,13.95
2009-06-26,21.1
2009-06-27,22.04
2009-06-28,17.22
2009-06-29,13.35
2009-06-30,14.97
2009-07-01,25.96
2009-07-02,45.11
2009-07-03,60.5
2009-07-04,37.92
2009-07-05,28.98
2009-07-06,23.47
2009-07-07,18.14
2009-07-08,13.35
2009-07-09,21.26
2009-07-10,27.61
2009-07-11,15.8
2009-07-12,16.15
2009-07-13,13.5
2009-07-14,12.55
2009-07-15,11.16
2009-07-16,11.24
2009-07-17,47.61
2009-07-18,286.44
2009-07-19,103.0
2009-07-20,48.5
2009-07-21,34.4
2009-07-22,29.29
2009-07-23,22.31
2009-07-24,16.85
2009-07-25,17.29
2009-07-26,14.1
2009-07-27,11.7
2009-07-28,10.62
2009-07-29,13.77
2009-07-30,11.87
2009-07-31,8.21
2009-08-01,14.22
2009-08-02,11.55
2009-08-03,10.64
2009-08-04,9.97
2009-08-05,5.74
2009-08-06,8.23
2009-08-07,4.39
2009-08-08,4.36
2009-08-09,4.18
2009-08-10,3.5
2009-08-11,3.67
2009-08-12,8.83
2009-08-13,9.51
2009-08-14,7.46
2009-08-15,8.39
2009-08-16,17.22
2009-08-17,29.93
2009-08-18,14.32
2009-08-19,16.23
2009-08-20,21.66
2009-08-21,19.36
2009-08-22,23.26
2009-08-23,15.11
2009-08-24,16.79
2009-08-25,14.79
2009-08-26,13.63
2009-08-27,9.21
2009-08-28,8.39
2009-08-29,9.73
2009-08-30,8.13
2009-08-31,8.59
2009-09-01,10.02
2009-09-02,12.8
2009-09-03,18.46
2009-09-04,10.52
2009-09-05,33.67
2009-09-06,58.19
2009-09-07,59.29
2009-09-08,43.36
2009-09-09,31.14
2009-09-10,25.37
2009-09-11,17.82
2009-09-12,13.99
2009-09-13,14.1
2009-09-14,28.53
2009-09-15,20.7
2009-09-16,11.02
2009-09-17,12.06
2009-09-18,12.91
2009-09-19,109.63
2009-09-20,39.95
2009-09-21,30.34
2009-09-22,19.86
2009-09-23,25.77
2009-09-24,20.65
2009-09-25,17.85
2009-09-26,17.79
2009-09-27,13.28
2009-09-28,18.69
2009-09-29,20.43
2009-09-30,30.86
2009-10-01,30.9
2009-10-02,331.4
2009-10-03,162.85
2009-10-04,97.02
2009-10-05,74.4
2009-10-06,50.12
2009-10-07,39.27
2009-10-08,36.9
2009-10-09,31.52
2009-10-10,26.92
2009-10-11,20.5
2009-10-12,18.28
2009-10-13,21.93
2009-10-14,25.96
2009-10-15,29.76
2009-10-16,18.85
2009-10-17,16.15
2009-10-18,20.01
2009-10-19,17.42
2009-10-20,53.88
2009-10-21,26.63
2009-10-22,25.56
2009-10-23,17.52
2009-10-24,16.41
2009-10-25,11.55
2009-10-26,11.62
2009-10-27,24.96
2009-10-28,13.19
2009-10-29,11.05
2009-10-30,10.9
2009-10-31,10.94
2009-11-01,10.5
2009-11-02,9.78
2009-11-03,9.74
2009-11-04,13.34
2009-11-05,10.99
2009-11-06,27.66
2009-11-07,38.53
2009-11-08,27.65
2009-11-09,40.72
2009-11-10,43.78
2009-11-11,27.0
2009-11-12,23.86
2009-11-13,17.41
2009-11-14,15.33
2009-11-15,45.31
2009-11-16,47.51
2009-11-17,26.67
2009-11-18,26.33
2009-11-19,22.91
2009-11-20,48.65
2009-11-21,69.78
2009-11-22,38.65
2009-11-23,27.66
2009-11-24,26.23
2009-11-25,23.55
2009-11-26,18.01
2009-11-27,18.69
2009-11-28,16.9
2009-11-29,13.77
2009-11-30,11.7
2009-12-01,11.35
2009-12-02,11.33
2009-12-03,16.45
2009-12-04,14.96
2009-12-05,12.45
2009-12-06,10.16
2009-12-07,11.14
2009-12-08,10.95
2009-12-09,11.72
2009-12-10,11.67
2009-12-11,10.63
2009-12-12,10.62
2009-12-13,8.9
2009-12-14,9.11
2009-12-15,6.72
2009-12-16,9.34
2009-12-17,7.16
2009-12-18,11.24
2009-12-19,8.87
2009-12-20,8.19
2009-12-21,9.24
2009-12-22,9.47
2009-12-23,9.69
2009-12-24,10.1
2009-12-25,10.69
2009-12-26,9.68
2009-12-27,9.9
2009-12-28,16.23
2009-12-29,10.1
2009-12-30,9.86
2009-12-31,9.69
2010-01-01,6.73
2010-01-02,7.32
2010-01-03,7.73
2010-01-04,6.04
2010-01-05,6.06
2010-01-06,5.26
2010-01-07,5.53
2010-01-08,4.93
2010-01-09,4.74
2010-01-10,4.58
2010-01-11,5.01
2010-01-12,4.08
2010-01-13,4.1
2010-01-14,6.45
2010-01-15,4.87
2010-01-16,4.66
2010-01-17,4.92
2010-01-18,4.76
2010-01-19,5.31
2010-01-20,3.78
2010-01-21,5.03
2010-01-22,5.03
2010-01-23,5.39
2010-01-24,5.15
2010-01-25,5.51
2010-01-26,5.51
2010-01-27,6.02
2010-01-28,0.0
2010-01-29,0.0
2010-01-30,0.0
2010-01-31,0.0
2010-02-01,0.0
2010-02-02,0.0
2010-02-03,0.0
2010-02-04,0.0
2010-02-05,0.0
2010-02-06,0.0
2010-02-07,0.0
2010-02-08,0.0
2010-02-09,0.0
2010-02-10,0.0
2010-02-11,0.0
2010-02-12,0.0
2010-02-13,0.0
2010-02-14,0.0
2010-02-15,0.0
2010-02-16,0.0
2010-02-17,0.0
2010-02-18,0.0
2010-02-19,0.0
2010-02-20,0.0
2010-02-21,0.0
2010-02-22,0.0
2010-02-23,0.0
2010-02-24,0.0
2010-02-25,0.0
2010-02-26,0.0
2010-02-27,0.0
2010-02-28,0.0
2010-03-01,0.0
2010-03-02,0.0
2010-03-03,0.0
2010-03-04,0.0
2010-03-05,0.0
2010-03-06,0.0
2010-03-07,0.0
2010-03-08,0.0
2010-03-09,0.0
2010-03-10,0.0
2010-03-11,0.0
2010-03-12,0.0
2010-03-13,0.0
2010-03-14,0.0
2010-03-15,0.0
2010-03-16,0.0
2010-03-17,0.0
2010-03-18,0.0
2010-03-19,0.0
2010-03-20,0.0
2010-03-21,0.0
2010-03-22,0.0
2010-03-23,0.0
2010-03-24,0.0
2010-03-25,0.0
2010-03-26,0.0
2010-03-27,0.0
2010-03-28,0.0
2010-03-29,0.0
2010-03-30,0.0
2010-03-31,0.0
2010-04-01,0.0
2010-04-02,0.0
2010-04-03,0.0
2010-04-04,0.0
2010-04-05,0.0
2010-04-06,0.0
2010-04-07,0.0
2010-04-08,0.0
2010-04-09,0.0
2010-04-10,0.0
2010-04-11,0.0
2010-04-12,0.0
2010-04-13,0.0
2010-04-14,0.0
2010-04-15,0.0
2010-04-16,0.0
2010-04-17,0.0
2010-04-18,0.0
2010-04-19,0.0
2010-04-20,0.0
2010-04-21,0.0
2010-04-22,0.0
2010-04-23,0.0
2010-04-24,0.0
2010-04-25,0.0
2010-04-26,12.88
2010-04-27,10.0
2010-04-28,21.73
2010-04-29,30.1
2010-04-30,0.0
2010-05-01,0.0
2010-05-02,0.0
2010-05-03,0.0
2010-05-04,0.0
2010-05-05,0.0
2010-05-06,0.0
2010-05-07,0.0
2010-05-08,0.0
2010-05-09,0.0
2010-05-10,0.0
2010-05-11,0.0
2010-05-12,0.0
2010-05-13,0.0
2010-05-14,0.0
2010-05-15,0.0
2010-05-16,0.0
2010-05-17,0.0
2010-05-18,0.0
2010-05-19,0.0
2010-05-20,0.0
2010-05-21,0.0
2010-05-22,10.18
2010-05-23,12.15
2010-05-24,44.97
2010-05-25,109.48
2010-05-26,111.55
2010-05-27,76.9
2010-05-28,53.94
2010-05-29,65.2
2010-05-30,56.3
2010-05-31,26.81
2010-06-01,32.59
2010-06-02,23.05
2010-06-03,22.28
2010-06-04,18.56
2010-06-05,40.1
2010-06-06,23.05
2010-06-07,16.4
2010-06-08,16.51
2010-06-09,17.08
2010-06-10,14.63
2010-06-11,20.09
2010-06-12,53.21
2010-06-13,73.54
2010-06-14,66.73
2010-06-15,64.09
2010-06-16,46.4
2010-06-17,33.53
2010-06-18,39.0
2010-06-19,27.21
2010-06-20,27.46
2010-06-21,20.91
2010-06-22,18.85
2010-06-23,24.66
2010-06-24,27.97
2010-06-25,49.33
2010-06-26,52.01
2010-06-27,42.78
2010-06-28,35.17
2010-06-29,31.0
2010-06-30,25.8
2010-07-01,39.17
2010-07-02,41.06
2010-07-03,26.76
2010-07-04,33.92
2010-07-05,43.18
2010-07-06,35.36
2010-07-07,28.23
2010-07-08,19.81
2010-07-09,17.72
2010-07-10,16.52
2010-07-11,30.23
2010-07-12,26.77
2010-07-13,18.2
2010-07-14,17.8
2010-07-15,31.17
2010-07-16,47.8
2010-07-17,81.33
2010-07-18,74.09
2010-07-19,150.88
2010-07-20,176.73
2010-07-21,105.63
2010-07-22,82.93
2010-07-23,59.33
2010-07-24,51.81
2010-07-25,38.99
2010-07-26,33.28
2010-07-27,32.79
2010-07-28,28.61
2010-07-29,32.53
2010-07-30,27.3
2010-07-31,24.58
2010-08-01,21.93
2010-08-02,17.32
2010-08-03,16.88
2010-08-04,22.01
2010-08-05,14.96
2010-08-06,14.57
2010-08-07,15.43
2010-08-08,11.74
2010-08-09,34.73
2010-08-10,26.82
2010-08-11,16.84
2010-08-12,17.42
2010-08-13,83.76
2010-08-14,52.84
2010-08-15,51.65
2010-08-16,128.24
2010-08-17,96.44
2010-08-18,61.06
2010-08-19,54.55
2010-08-20,38.09
2010-08-21,31.5
2010-08-22,26.51
2010-08-23,22.96
2010-08-24,21.99
2010-08-25,27.56
2010-08-26,20.7
2010-08-27,25.97
2010-08-28,22.28
2010-08-29,45.38
2010-08-30,29.98
2010-08-31,68.69
2010-09-01,35.56
2010-09-02,26.07
2010-09-03,24.07
2010-09-04,20.75
2010-09-05,21.93
2010-09-06,17.77
2010-09-07,14.45
2010-09-08,14.21
2010-09-09,15.58
2010-09-10,19.92
2010-09-11,29.3
2010-09-12,20.25
2010-09-13,16.93
2010-09-14,20.33
2010-09-15,18.31
2010-09-16,17.76
2010-09-17,14.7
2010-09-18,13.57
2010-09-19,17.03
2010-09-20,13.45
2010-09-21,12.99
2010-09-22,14.77
2010-09-23,13.94
2010-09-24,69.6
2010-09-25,119.47
2010-09-26,55.35
2010-09-27,71.58
2010-09-28,54.16
2010-09-29,74.22
2010-09-30,43.21
2010-10-01,54.41
2010-10-02,87.96
2010-10-03,151.7
2010-10-04,521.96
2010-10-05,215.23
2010-10-06,312.59
2010-10-07,371.75
2010-10-08,261.11
2010-10-09,251.98
2010-10-10,212.9
2010-10-11,123.4
2010-10-12,91.32
2010-10-13,70.21
2010-10-14,66.52
2010-10-15,54.88
2010-10-16,58.8
2010-10-17,42.36
2010-10-18,39.09
2010-10-19,48.1
2010-10-20,38.9
2010-10-21,32.39
2010-10-22,26.57
2010-10-23,26.44
2010-10-24,24.71
2010-10-25,22.72
2010-10-26,21.57
2010-10-27,19.86
2010-10-28,38.66
2010-10-29,57.31
2010-10-30,38.06
2010-10-31,34.51
2010-11-01,22.4
2010-11-02,20.45
2010-11-03,18.84
2010-11-04,36.68
2010-11-05,43.21
2010-11-06,59.05
2010-11-07,35.31
2010-11-08,34.45
2010-11-09,38.21
2010-11-10,61.3
2010-11-11,76.4
2010-11-12,45.62
2010-11-13,40.34
2010-11-14,63.99
2010-11-15,46.46
2010-11-16,88.86
2010-11-17,209.2
2010-11-18,96.89
2010-11-19,91.71
2010-11-20,82.37
2010-11-21,90.16
2010-11-22,294.44
2010-11-23,178.89
2010-11-24,130.03
2010-11-25,88.02
2010-11-26,78.06
2010-11-27,86.36
2010-11-28,81.99
2010-11-29,96.39
2010-11-30,69.63
2010-12-01,53.47
2010-12-02,82.66
2010-12-03,64.37
2010-12-04,50.21
2010-12-05,46.74
2010-12-06,38.51
2010-12-07,36.14
2010-12-08,65.35
2010-12-09,96.69
2010-12-10,56.59
2010-12-11,49.06
2010-12-12,44.42
2010-12-13,42.28
2010-12-14,28.12
2010-12-15,28.22
2010-12-16,20.27
2010-12-17,28.27
2010-12-18,21.93
2010-12-19,22.0
2010-12-20,19.66
2010-12-21,19.35
2010-12-22,19.2
2010-12-23,19.56
2010-12-24,19.6
2010-12-25,20.61
2010-12-26,18.59
2010-12-27,15.56
2010-12-28,16.17
2010-12-29,15.4
2010-12-30,14.84
2010-12-31,14.76
2011-01-01,15.26
2011-01-02,18.59
2011-01-03,13.66
2011-01-04,12.77
2011-01-05,12.5
2011-01-06,12.56
2011-01-07,12.25
2011-01-08,12.31
2011-01-09,12.45
2011-01-10,12.15
2011-01-11,12.22
2011-01-12,11.54
2011-01-13,9.44
2011-01-14,9.38
2011-01-15,8.27
2011-01-16,7.76
2011-01-17,7.98
2011-01-18,7.81
2011-01-19,7.56
2011-01-20,7.32
2011-01-21,7.43
2011-01-22,7.25
2011-01-23,8.0
2011-01-24,7.42
2011-01-25,7.41
2011-01-26,7.76
2011-01-27,7.65
2011-01-28,7.5
2011-01-29,2.48
2011-01-30,0.0
2011-01-31,0.0
2011-02-01,0.0
2011-02-02,0.0
2011-02-03,0.0
2011-02-04,0.0
2011-02-05,0.0
2011-02-06,0.0
2011-02-07,0.0
2011-02-08,0.0
2011-02-09,0.0
2011-02-10,0.0
2011-02-11,0.0
2011-02-12,0.0
2011-02-13,0.0
2011-02-14,0.0
2011-02-15,0.0
2011-02-16,0.0
2011-02-17,0.0
2011-02-18,0.0
2011-02-19,0.0
2011-02-20,0.0
2011-02-21,0.0
2011-02-22,0.0
2011-02-23,0.0
2011-02-24,0.0
2011-02-25,0.0
2011-02-26,0.0
2011-02-27,0.0
2011-02-28,0.0
2011-03-01,0.0
2011-03-02,0.0
2011-03-03,0.0
2011-03-04,0.0
2011-03-05,0.0
2011-03-06,0.0
2011-03-07,0.0
2011-03-08,0.0
2011-03-09,0.0
2011-03-10,0.0
2011-03-11,0.0
2011-03-12,0.0
2011-03-13,0.0
2011-03-14,0.0
2011-03-15,0.0
2011-03-16,0.0
2011-03-17,0.0
2011-03-18,0.0
2011-03-19,0.0
2011-03-20,0.0
2011-03-21,0.0
2011-03-22,0.0
2011-03-23,0.0
2011-03-24,0.0
2011-03-25,0.0
2011-03-26,0.0
2011-03-27,0.0
2011-03-28,0.0
2011-03-29,0.0
2011-03-30,0.0
2011-03-31,0.0
2011-04-01,0.0
2011-04-02,0.0
2011-04-03,0.0
2011-04-04,0.0
2011-04-05,0.0
2011-04-06,0.0
2011-04-07,0.0
2011-04-08,0.0
2011-04-09,0.0
2011-04-10,0.0
2011-04-11,0.0
2011-04-12,0.0
2011-04-13,0.0
2011-04-14,0.0
2011-04-15,0.0
2011-04-16,0.0
2011-04-17,0.0
2011-04-18,0.0
2011-04-19,0.0
2011-04-20,0.0
2011-04-21,0.0
2011-04-22,0.0
2011-04-23,0.0
2011-04-24,0.0
2011-04-25,0.0
2011-04-26,0.0
2011-04-27,0.0
2011-04-28,0.0
2011-04-29,0.0
2011-04-30,0.0
2011-05-01,0.0
2011-05-02,0.0
2011-05-03,0.0
2011-05-04,0.0
2011-05-05,0.0
2011-05-06,0.0
2011-05-07,0.0
2011-05-08,0.0
2011-05-09,0.0
2011-05-10,0.0
2011-05-11,0.0
2011-05-12,0.0
2011-05-13,0.0
2011-05-14,0.0
2011-05-15,0.0
2011-05-16,0.0
2011-05-17,0.0
2011-05-18,0.0
2011-05-19,0.0
2011-05-20,0.0
2011-05-21,0.0
2011-05-22,0.0
2011-05-23,0.0
2011-05-24,0.0
2011-05-25,0.0
2011-05-26,0.0
2011-05-27,0.0
2011-05-28,0.0
2011-05-29,0.0
2011-05-30,0.0
2011-05-31,0.0
2011-06-01,0.0
2011-06-02,232.69
2011-06-03,95.97
2011-06-04,85.97
2011-06-05,168.4
2011-06-06,111.72
2011-06-07,104.63
2011-06-08,74.4
2011-06-09,44.05
2011-06-10,41.32
2011-06-11,38.3
2011-06-12,29.23
2011-06-13,31.55
2011-06-14,29.53
2011-06-15,113.9
2011-06-16,49.13
2011-06-17,48.58
2011-06-18,73.63
2011-06-19,45.0
2011-06-20,35.54
2011-06-21,21.6
2011-06-22,28.97
2011-06-23,27.96
2011-06-24,19.14
2011-06-25,19.37
2011-06-26,17.94
2011-06-27,16.17
2011-06-28,16.86
2011-06-29,15.24
2011-06-30,11.02
2011-07-01,9.86
2011-07-02,10.3
2011-07-03,12.26
2011-07-04,10.57
2011-07-05,7.81
2011-07-06,9.61
2011-07-07,28.0
2011-07-08,13.78
2011-07-09,11.96
2011-07-10,12.11
2011-07-11,10.16
2011-07-12,28.68
2011-07-13,68.01
2011-07-14,28.86
2011-07-15,29.1
2011-07-16,53.7
2011-07-17,54.19
2011-07-18,53.9
2011-07-19,48.79
2011-07-20,36.34
2011-07-21,30.0
2011-07-22,30.1
2011-07-23,28.28
2011-07-24,23.73
2011-07-25,29.07
2011-07-26,26.1
2011-07-27,21.96
2011-07-28,15.34
2011-07-29,14.26
2011-07-30,14.58
2011-07-31,12.72
2011-08-01,12.52
2011-08-02,11.12
2011-08-03,15.18
2011-08-04,14.61
2011-08-05,14.2
2011-08-06,14.94
2011-08-07,16.58
2011-08-08,23.37
2011-08-09,19.48
2011-08-10,18.64
2011-08-11,10.15
2011-08-12,12.11
2011-08-13,10.86
2011-08-14,11.51
2011-08-15,16.58
2011-08-16,10.57
2011-08-17,9.99
2011-08-18,11.33
2011-08-19,21.21
2011-08-20,12.01
2011-08-21,14.61
2011-08-22,9.36
2011-08-23,6.78
2011-08-24,12.79
2011-08-25,9.15
2011-08-26,28.97
2011-08-27,14.46
2011-08-28,14.61
2011-08-29,37.49
2011-08-30,29.69
2011-08-31,39.94
2011-09-01,101.36
2011-09-02,60.9
2011-09-03,50.49
2011-09-04,50.25
2011-09-05,38.88
2011-09-06,35.63
2011-09-07,25.62
2011-09-08,22.61
2011-09-09,16.08
2011-09-10,21.32
2011-09-11,34.66
2011-09-12,23.91
2011-09-13,52.12
2011-09-14,47.21
2011-09-15,33.45
2011-09-16,40.96
2011-09-17,42.19
2011-09-18,46.41
2011-09-19,38.94
2011-09-20,14.86
2011-09-21,15.59
2011-09-22,21.72
2011-09-23,16.26
2011-09-24,16.7
2011-09-25,17.6
2011-09-26,11.74
2011-09-27,8.8
2011-09-28,8.91
2011-09-29,9.01
2011-09-30,9.03
2011-10-01,8.78
2011-10-02,8.64
2011-10-03,9.47
2011-10-04,8.88
2011-10-05,8.12
2011-10-06,7.25
2011-10-07,8.06
2011-10-08,7.09
2011-10-09,2.1
2011-10-10,3.07
2011-10-11,3.32
2011-10-12,3.32
2011-10-13,0.0
2011-10-14,0.0
2011-10-15,0.0
2011-10-16,6.82
2011-10-17,26.56
2011-10-18,13.86
2011-10-19,14.0
2011-10-20,11.53
2011-10-21,8.75
2011-10-22,8.47
2011-10-23,10.26
2011-10-24,0.0
2011-10-25,28.03
2011-10-26,24.7
2011-10-27,27.44
2011-10-28,37.93
2011-10-29,23.24
2011-10-30,19.69
2011-10-31,29.57
2011-11-01,25.78
2011-11-02,24.19
2011-11-03,23.85
2011-11-04,13.59
2011-11-05,13.87
2011-11-06,14.44
2011-11-07,29.15
2011-11-08,27.54
2011-11-09,17.53
2011-11-10,14.71
2011-11-11,16.05
2011-11-12,10.76
2011-11-13,10.26
2011-11-14,8.77
2011-11-15,10.46
2011-11-16,8.58
2011-11-17,7.83
2011-11-18,8.32
2011-11-19,7.02
2011-11-20,6.64
2011-11-21,5.83
2011-11-22,6.42
2011-11-23,6.38
2011-11-24,6.71
2011-11-25,6.42
2011-11-26,8.98
2011-11-27,43.38
2011-11-28,45.97
2011-11-29,31.59
2011-11-30,28.76
2011-12-01,38.19
2011-12-02,24.4
2011-12-03,30.19
2011-12-04,27.95
2011-12-05,29.52
2011-12-06,20.47
2011-12-07,16.77
2011-12-08,8.02
2011-12-09,7.81
2011-12-10,9.48
2011-12-11,9.03
2011-12-12,8.31
2011-12-13,8.16
2011-12-14,8.02
2011-12-15,7.62
2011-12-16,7.39
2011-12-17,7.22
2011-12-18,6.32
2011-12-19,4.86
2011-12-20,5.01
2011-12-21,4.99
2011-12-22,4.89
2011-12-23,5.01
2011-12-24,4.8
2011-12-25,5.2
2011-12-26,5.14
2011-12-27,4.98
2011-12-28,4.8
2011-12-29,5.17
2011-12-30,2.7
2011-12-31,252.28
2012-01-01,77.69
2012-01-02,34.43
2012-01-03,18.62
2012-01-04,17.41
2012-01-05,11.07
2012-01-06,10.71
2012-01-07,8.56
2012-01-08,7.5
2012-01-09,10.46
2012-01-10,12.66
2012-01-11,19.42
2012-01-12,20.47
2012-01-13,0.0
2012-01-14,0.0
2012-01-15,0.0
2012-01-16,0.0
2012-01-17,0.0
2012-01-18,0.0
2012-01-19,0.0
2012-01-20,0.0
2012-01-21,0.0
2012-01-22,0.0
2012-01-23,0.0
2012-01-24,0.0
2012-01-25,0.0
2012-01-26,0.0
2012-01-27,0.0
2012-01-28,0.0
2012-01-29,0.0
2012-01-30,0.0
2012-01-31,0.0
2012-02-01,0.0
2012-02-02,0.0
2012-02-03,0.0
2012-02-04,0.0
2012-02-05,0.0
2012-02-06,0.0
2012-02-07,0.0
2012-02-08,0.0
2012-02-09,0.0
2012-02-10,0.0
2012-02-11,0.0
2012-02-12,0.0
2012-02-13,0.0
2012-02-14,0.0
2012-02-15,0.0
2012-02-16,0.0
2012-02-17,0.0
2012-02-18,0.0
2012-02-19,0.0
2012-02-20,0.0
2012-02-21,0.0
2012-02-22,0.0
2012-02-23,0.0
2012-02-24,0.0
2012-02-25,0.0
2012-02-26,0.0
2012-02-27,0.0
2012-02-28,0.0
2012-02-29,0.0
2012-03-01,0.0
2012-03-02,0.0
2012-03-03,0.0
2012-03-04,0.0
2012-03-05,0.0
2012-03-06,0.0
2012-03-07,0.0
2012-03-08,0.0
2012-03-09,0.0
2012-03-10,0.0
2012-03-11,0.0
2012-03-12,0.0
2012-03-13,0.0
2012-03-14,0.0
2012-03-15,0.0
2012-03-16,0.0
2012-03-17,0.0
2012-03-18,0.0
2012-03-19,0.0
2012-03-20,0.0
2012-03-21,0.0
2012-03-22,0.0
2012-03-23,0.0
2012-03-24,0.0
2012-03-25,0.0
2012-03-26,0.0
2012-03-27,0.0
2012-03-28,0.0
2012-03-29,0.0
2012-03-30,0.0
2012-03-31,0.0
2012-04-01,0.0
2012-04-02,0.0
2012-04-03,0.0
2012-04-04,0.0
2012-04-05,0.0
2012-04-06,0.0
2012-04-07,0.0
2012-04-08,0.0
2012-04-09,0.0
2012-04-10,0.0
2012-04-11,0.0
2012-04-12,0.0
2012-04-13,0.0
2012-04-14,0.0
2012-04-15,0.0
2012-04-16,0.0
2012-04-17,0.0
2012-04-18,0.0
2012-04-19,0.0
2012-04-20,0.0
2012-04-21,0.0
2012-04-22,0.0
2012-04-23,0.0
2012-04-24,0.0
2012-04-25,23.73
2012-04-26,42.02
2012-04-27,38.26
2012-04-28,40.27
2012-04-29,39.33
2012-04-30,39.32
2012-05-01,42.03
2012-05-02,34.28
2012-05-03,0.0
2012-05-04,0.0
2012-05-05,0.0
2012-05-06,0.0
2012-05-07,0.0
2012-05-08,0.0
2012-05-09,0.0
2012-05-10,0.0
2012-05-11,0.0
2012-05-12,0.0
2012-05-13,0.0
2012-05-14,0.0
2012-05-15,0.0
2012-05-16,0.0
2012-05-17,0.0
2012-05-18,0.0
2012-05-19,0.0
2012-05-20,0.0
2012-05-21,0.0
2012-05-22,0.0
2012-05-23,0.0
2012-05-24,0.0
2012-05-25,0.0
2012-05-26,0.0
2012-05-27,0.0
2012-05-28,0.0
2012-05-29,0.0
2012-05-30,0.0
2012-05-31,0.0
2012-06-01,0.0
2012-06-02,0.0
2012-06-03,0.0
2012-06-04,0.0
2012-06-05,0.0
2012-06-06,0.0
2012-06-07,0.0
2012-06-08,0.0
2012-06-09,0.0
2012-06-10,0.0
2012-06-11,0.0
2012-06-12,0.0
2012-06-13,0.0
2012-06-14,0.0
2012-06-15,0.0
2012-06-16,0.0
2012-06-17,0.0
2012-06-18,0.0
2012-06-19,0.0
2012-06-20,0.0
2012-06-21,0.0
2012-06-22,0.0
2012-06-23,0.0
2012-06-24,0.0
2012-06-25,0.0
2012-06-26,0.0
2012-06-27,0.0
2012-06-28,0.0
2012-06-29,0.0
2012-06-30,0.0
2012-07-01,0.0
2012-07-02,0.0
2012-07-03,0.0
2012-07-04,0.0
2012-07-05,0.0
2012-07-06,0.0
2012-07-07,0.0
2012-07-08,0.0
2012-07-09,0.0
2012-07-10,0.0
2012-07-11,12.66
2012-07-12,12.14
2012-07-13,0.0
2012-07-14,0.0
2012-07-15,0.0
2012-07-16,0.0
2012-07-17,0.0
2012-07-18,0.0
2012-07-19,0.0
2012-07-20,0.0
2012-07-21,0.0
2012-07-22,0.0
2012-07-23,0.0
2012-07-24,0.0
2012-07-25,0.0
2012-07-26,0.0
2012-07-27,0.0
2012-07-28,0.0
2012-07-29,0.0
2012-07-30,0.0
2012-07-31,0.0
2012-08-01,0.0
2012-08-02,0.0
2012-08-03,0.0
2012-08-04,0.0
2012-08-05,0.0
2012-08-06,0.0
2012-08-07,0.0
2012-08-08,0.0
2012-08-09,0.0
2012-08-10,0.0
2012-08-11,0.0
2012-08-12,0.0
2012-08-13,0.0
2012-08-14,0.0
2012-08-15,0.0
2012-08-16,20.88
2012-08-17,11.26
2012-08-18,23.58
2012-08-19,0.0
2012-08-20,0.0
2012-08-21,0.0
2012-08-22,0.0
2012-08-23,0.0
2012-08-24,0.0
2012-08-25,0.0
2012-08-26,0.0
2012-08-27,0.0
2012-08-28,0.0
2012-08-29,0.0
2012-08-30,0.0
2012-08-31,10.03
2012-09-01,18.52
2012-09-02,0.0
2012-09-03,9.56
2012-09-04,0.0
2012-09-05,0.0
2012-09-06,0.0
2012-09-07,0.0
2012-09-08,0.0
2012-09-09,0.0
2012-09-10,0.0
2012-09-11,0.0
2012-09-12,0.0
2012-09-13,0.0
2012-09-14,0.0
2012-09-15,0.0
2012-09-16,0.0
2012-09-17,0.0
2012-09-18,0.0
2012-09-19,0.0
2012-09-20,0.0
2012-09-21,0.0
2012-09-22,0.0
2012-09-23,0.0
2012-09-24,0.0
2012-09-25,0.0
2012-09-26,0.0
2012-09-27,0.0
2012-09-28,0.0
2012-09-29,0.0
2012-09-30,0.0
2012-10-01,0.0
2012-10-02,0.0
2012-10-03,0.0
2012-10-04,0.0
2012-10-05,0.0
2012-10-06,0.0
2012-10-07,0.0
2012-10-08,0.0
2012-10-09,0.0
2012-10-10,0.0
2012-10-11,0.0
2012-10-12,0.0
2012-10-13,0.0
2012-10-14,0.0
2012-10-15,10.03
2012-10-16,7.78
2012-10-17,7.89
2012-10-18,0.0
2012-10-19,0.0
2012-10-20,23.95
2012-10-21,33.59
2012-10-22,25.34
2012-10-23,19.62
2012-10-24,12.3
2012-10-25,9.87
2012-10-26,7.67
2012-10-27,7.38
2012-10-28,0.0
2012-10-29,18.44
2012-10-30,9.75
2012-10-31,7.3
2012-11-01,19.48
2012-11-02,15.63
2012-11-03,9.45
2012-11-04,8.84
2012-11-05,0.0
2012-11-06,0.0
2012-11-07,0.0
2012-11-08,25.86
2012-11-09,11.97
2012-11-10,12.16
2012-11-11,10.72
2012-11-12,11.63
2012-11-13,0.0
2012-11-14,0.0
2012-11-15,0.0
2012-11-16,0.0
2012-11-17,0.0
2012-11-18,0.0
2012-11-19,0.0
2012-11-20,0.0
2012-11-21,0.0
2012-11-22,0.0
2012-11-23,0.0
2012-11-24,0.0
2012-11-25,0.0
2012-11-26,0.0
2012-11-27,0.0
2012-11-28,0.0
2012-11-29,0.0
2012-11-30,0.0
2012-12-01,0.0
2012-12-02,0.0
2012-12-03,0.0
2012-12-04,0.0
2012-12-05,0.0
2012-12-06,0.0
2012-12-07,0.0
2012-12-08,0.0
2012-12-09,0.0
2012-12-10,0.0
2012-12-11,0.0
2012-12-12,0.0
2012-12-13,0.0
2012-12-14,0.0
2012-12-15,0.0
2012-12-16,0.0
2012-12-17,0.0
2012-12-18,0.0
2012-12-19,0.0
2012-12-20,0.0
2012-12-21,0.0
2012-12-22,0.0
2012-12-23,0.0
2012-12-24,0.0
2012-12-25,0.0
2012-12-26,0.0
2012-12-27,0.0
2012-12-28,0.0
2012-12-29,0.0
2012-12-30,0.0
2012-12-31,0.0
2013-01-01,0.0
2013-01-02,0.0
2013-01-03,0.0
2013-01-04,0.0
2013-01-05,0.0
2013-01-06,0.0
2013-01-07,0.0
2013-01-08,0.0
2013-01-09,0.0
2013-01-10,0.0
2013-01-11,0.0
2013-01-12,0.0
2013-01-13,0.0
2013-01-14,0.0
2013-01-15,0.0
2013-01-16,0.0
2013-01-17,0.0
2013-01-18,0.0
2013-01-19,0.0
2013-01-20,0.0
2013-01-21,0.0
2013-01-22,0.0
2013-01-23,0.0
2013-01-24,0.0
2013-01-25,0.0
2013-01-26,0.0
2013-01-27,0.0
2013-01-28,0.0
2013-01-29,0.0
2013-01-30,0.0
2013-01-31,0.0
2013-02-01,0.0
2013-02-02,0.0
2013-02-03,0.0
2013-02-04,0.0
2013-02-05,0.0
2013-02-06,0.0
2013-02-07,0.0
2013-02-08,0.0
2013-02-09,0.0
2013-02-10,0.0
2013-02-11,0.0
2013-02-12,0.0
2013-02-13,0.0
2013-02-14,0.0
2013-02-15,0.0
2013-02-16,0.0
2013-02-17,0.0
2013-02-18,0.0
2013-02-19,0.0
2013-02-20,0.0
2013-02-21,0.0
2013-02-22,0.0
2013-02-23,0.0
2013-02-24,0.0
2013-02-25,0.0
2013-02-26,0.0
2013-02-27,0.0
2013-02-28,0.0
2013-03-01,0.0
2013-03-02,0.0
2013-03-03,0.0
2013-03-04,0.0
2013-03-05,0.0
2013-03-06,0.0
2013-03-07,0.0
2013-03-08,0.0
2013-03-09,0.0
2013-03-10,0.0
2013-03-11,0.0
2013-03-12,0.0
2013-03-13,0.0
2013-03-14,0.0
2013-03-15,0.0
2013-03-16,0.0
2013-03-17,0.0
2013-03-18,0.0
2013-03-19,0.0
2013-03-20,0.0
2013-03-21,0.0
2013-03-22,0.0
2013-03-23,0.0
2013-03-24,0.0
2013-03-25,0.0
2013-03-26,0.0
2013-03-27,0.0
2013-03-28,0.0
2013-03-29,0.0
2013-03-30,0.0
2013-03-31,0.0
2013-04-01,0.0
2013-04-02,0.0
2013-04-03,0.0
2013-04-04,0.0
2013-04-05,0.0
2013-04-06,0.0
2013-04-07,0.0
2013-04-08,0.0
2013-04-09,0.0
2013-04-10,0.0
2013-04-11,0.0
2013-04-12,0.0
2013-04-13,0.0
2013-04-14,0.0
2013-04-15,0.0
2013-04-16,0.0
2013-04-17,0.0
2013-04-18,0.0
2013-04-19,0.0
2013-04-20,0.0
2013-04-21,0.0
2013-04-22,0.0
2013-04-23,0.0
2013-04-24,0.0
2013-04-25,0.0
2013-04-26,0.0
2013-04-27,0.0
2013-04-28,0.0
2013-04-29,0.0
2013-04-30,0.0
2013-05-01,0.0
2013-05-02,0.0
2013-05-03,0.0
2013-05-04,0.0
2013-05-05,0.0
2013-05-06,0.0
2013-05-07,0.0
2013-05-08,0.0
2013-05-09,0.0
2013-05-10,0.0
2013-05-11,0.0
2013-05-12,0.0
2013-05-13,0.0
2013-05-14,0.0
2013-05-15,0.0
2013-05-16,0.0
2013-05-17,0.0
2013-05-18,0.0
2013-05-19,0.0
2013-05-20,0.0
2013-05-21,0.0
2013-05-22,0.0
2013-05-23,0.0
2013-05-24,0.0
2013-05-25,0.0
2013-05-26,0.0
2013-05-27,0.0
2013-05-28,0.0
2013-05-29,0.0
2013-05-30,0.0
2013-05-31,0.0
2013-06-01,0.0
2013-06-02,0.0
2013-06-03,0.0
2013-06-04,10.36
2013-06-05,0.0
2013-06-06,0.0
2013-06-07,0.0
2013-06-08,0.0
2013-06-09,0.0
2013-06-10,15.5
2013-06-11,13.84
2013-06-12,20.58
2013-06-13,18.94
2013-06-14,19.42
2013-06-15,15.94
2013-06-16,45.87
2013-06-17,44.45
2013-06-18,41.64
2013-06-19,20.43
2013-06-20,22.33
2013-06-21,18.24
2013-06-22,23.11
2013-06-23,34.71
2013-06-24,45.82
2013-06-25,46.48
2013-06-26,43.32
2013-06-27,37.37
2013-06-28,29.62
2013-06-29,30.31
2013-06-30,17.39
2013-07-01,16.46
2013-07-02,15.5
2013-07-03,31.12
2013-07-04,38.8
2013-07-05,37.5
2013-07-06,31.31
2013-07-07,23.18
2013-07-08,29.28
2013-07-09,29.67
2013-07-10,38.38
2013-07-11,77.24
2013-07-12,40.76
2013-07-13,34.08
2013-07-14,29.29
2013-07-15,22.47
2013-07-16,16.8
2013-07-17,17.25
2013-07-18,21.43
2013-07-19,34.28
2013-07-20,28.41
2013-07-21,34.34
2013-07-22,27.35
2013-07-23,26.93
2013-07-24,39.15
2013-07-25,60.99
2013-07-26,74.79
2013-07-27,41.48
2013-07-28,33.59
2013-07-29,25.85
2013-07-30,24.5
2013-07-31,19.58
2013-08-01,18.49
2013-08-02,19.89
2013-08-03,25.67
2013-08-04,23.49
2013-08-05,110.23
2013-08-06,75.76
2013-08-07,37.92
2013-08-08,35.61
2013-08-09,34.71
2013-08-10,22.84
2013-08-11,20.86
2013-08-12,22.63
2013-08-13,18.93
2013-08-14,19.45
2013-08-15,18.42
2013-08-16,14.76
2013-08-17,15.16
2013-08-18,15.91
2013-08-19,13.54
2013-08-20,14.94
2013-08-21,14.38
2013-08-22,14.23
2013-08-23,14.16
2013-08-24,11.17
2013-08-25,11.13
2013-08-26,11.42
2013-08-27,11.01
2013-08-28,10.02
2013-08-29,8.81
2013-08-30,8.19
2013-08-31,6.65
2013-09-01,9.56
2013-09-02,9.56
2013-09-03,13.57
2013-09-04,11.74
2013-09-05,16.29
2013-09-06,16.14
2013-09-07,16.15
2013-09-08,17.69
2013-09-09,18.76
2013-09-10,18.76
2013-09-11,16.63
2013-09-12,14.66
2013-09-13,36.82
2013-09-14,49.53
2013-09-15,30.29
2013-09-16,28.4
2013-09-17,54.25
2013-09-18,144.55
2013-09-19,97.13
2013-09-20,75.12
2013-09-21,66.27
2013-09-22,58.77
2013-09-23,36.85
2013-09-24,32.78
2013-09-25,26.94
2013-09-26,26.54
2013-09-27,21.59
2013-09-28,17.78
2013-09-29,18.42
2013-09-30,15.5
2013-10-01,19.4
2013-10-02,19.01
2013-10-03,20.72
2013-10-04,12.99
2013-10-05,10.93
2013-10-06,9.32
2013-10-07,9.32
2013-10-08,9.86
2013-10-09,18.1
2013-10-10,12.52
2013-10-11,9.02
2013-10-12,9.02
2013-10-13,15.53
2013-10-14,8.82
2013-10-15,7.5
2013-10-16,9.62
2013-10-17,59.05
2013-10-18,19.82
2013-10-19,40.01
2013-10-20,163.9
2013-10-21,60.43
2013-10-22,61.98
2013-10-23,38.17
2013-10-24,35.57
2013-10-25,33.48
2013-10-26,34.75
2013-10-27,19.62
2013-10-28,18.65
2013-10-29,18.24
2013-10-30,18.1
2013-10-31,18.37
2013-11-01,19.01
2013-11-02,12.83
2013-11-03,12.31
2013-11-04,18.86
2013-11-05,16.87
2013-11-06,18.47
2013-11-07,14.76
2013-11-08,14.46
2013-11-09,10.87
2013-11-10,8.7
2013-11-11,8.54
2013-11-12,17.04
2013-11-13,67.17
2013-11-14,67.18
2013-11-15,33.23
2013-11-16,30.84
2013-11-17,30.22
2013-11-18,31.3
2013-11-19,31.42
2013-11-20,31.25
2013-11-21,28.01
2013-11-22,27.82
2013-11-23,25.74
2013-11-24,23.4
2013-11-25,61.39
2013-11-26,65.02
2013-11-27,28.58
2013-11-28,30.44
2013-11-29,27.99
2013-11-30,25.37
2013-12-01,27.17
2013-12-02,23.17
2013-12-03,16.33
2013-12-04,14.41
2013-12-05,11.18
2013-12-06,11.51
2013-12-07,8.3
2013-12-08,8.25
2013-12-09,7.34
2013-12-10,9.75
2013-12-11,6.28
2013-12-12,6.05
2013-12-13,11.36
2013-12-14,10.34
2013-12-15,8.67
2013-12-16,7.29
2013-12-17,5.52
2013-12-18,6.63
2013-12-19,0.0
2013-12-20,0.0
2013-12-21,0.0
2013-12-22,0.0
2013-12-23,0.0
2013-12-24,0.0
2013-12-25,0.0
2013-12-26,0.0
2013-12-27,0.0
2013-12-28,0.0
2013-12-29,0.0
2013-12-30,0.0
2013-12-31,0.0
2014-01-01,0.0
2014-01-02,0.0
2014-01-03,0.0
2014-01-04,0.0
2014-01-05,0.0
2014-01-06,0.0
2014-01-07,0.0
2014-01-08,0.0
2014-01-09,0.0
2014-01-10,0.0
2014-01-11,0.0
2014-01-12,0.0
2014-01-13,0.0
2014-01-14,0.0
2014-01-15,0.0
2014-01-16,0.0
2014-01-17,0.0
2014-01-18,0.0
2014-01-19,0.0
2014-01-20,0.0
2014-01-21,0.0
2014-01-22,0.0
2014-01-23,0.0
2014-01-24,0.0
2014-01-25,0.0
2014-01-26,0.0
2014-01-27,0.0
2014-01-28,0.0
2014-01-29,0.0
2014-01-30,0.0
2014-01-31,0.0
2014-02-01,0.0
2014-02-02,0.0
2014-02-03,0.0
2014-02-04,0.0
2014-02-05,0.0
2014-02-06,0.0
2014-02-07,0.0
2014-02-08,0.0
2014-02-09,0.0
2014-02-10,0.0
2014-02-11,0.0
2014-02-12,0.0
2014-02-13,0.0
2014-02-14,0.0
2014-02-15,0.0
2014-02-16,0.0
2014-02-17,0.0
2014-02-18,0.0
2014-02-19,0.0
2014-02-20,0.0
2014-02-21,0.0
2014-02-22,0.0
2014-02-23,0.0
2014-02-24,0.0
2014-02-25,0.0
2014-02-26,0.0
2014-02-27,0.0
2014-02-28,0.0
2014-03-01,0.0
2014-03-02,0.0
2014-03-03,0.0
2014-03-04,0.0
2014-03-05,0.0
2014-03-06,0.0
2014-03-07,0.0
2014-03-08,0.0
2014-03-09,0.0
2014-03-10,0.0
2014-03-11,0.0
2014-03-12,0.0
2014-03-13,0.0
2014-03-14,0.0
2014-03-15,0.0
2014-03-16,0.0
2014-03-17,0.0
2014-03-18,0.0
2014-03-19,0.0
2014-03-20,0.0
2014-03-21,0.0
2014-03-22,0.0
2014-03-23,0.0
2014-03-24,0.0
2014-03-25,0.0
2014-03-26,0.0
2014-03-27,0.0
2014-03-28,0.0
2014-03-29,0.0
2014-03-30,0.0
2014-03-31,0.0
2014-04-01,0.0
2014-04-02,0.0
2014-04-03,0.0
2014-04-04,0.0
2014-04-05,0.0
2014-04-06,0.0
2014-04-07,0.0
2014-04-08,0.0
2014-04-09,0.0
2014-04-10,0.0
2014-04-11,0.0
2014-04-12,0.0
2014-04-13,0.0
2014-04-14,0.0
2014-04-15,0.0
2014-04-16,0.0
2014-04-17,0.0
2014-04-18,0.0
2014-04-19,0.0
2014-04-20,0.0
2014-04-21,0.0
2014-04-22,0.0
2014-04-23,0.0
2014-04-24,0.0
2014-04-25,0.0
2014-04-26,0.0
2014-04-27,0.0
2014-04-28,0.0
2014-04-29,0.0
2014-04-30,0.0
2014-05-01,0.0
2014-05-02,0.0
2014-05-03,0.0
2014-05-04,0.0
2014-05-05,20.85
2014-05-06,15.58
2014-05-07,68.03
2014-05-08,46.81
2014-05-09,65.27
2014-05-10,28.18
2014-05-11,16.81
2014-05-12,16.85
2014-05-13,15.84
2014-05-14,10.23
2014-05-15,0.0
2014-05-16,0.0
2014-05-17,0.0
2014-05-18,0.0
2014-05-19,0.0
2014-05-20,0.0
2014-05-21,0.0
2014-05-22,0.0
2014-05-23,0.0
2014-05-24,0.0
2014-05-25,0.0
2014-05-26,0.0
2014-05-27,0.0
2014-05-28,0.0
2014-05-29,0.0
2014-05-30,0.0
2014-05-31,0.0
2014-06-01,0.0
2014-06-02,0.0
2014-06-03,0.0
2014-06-04,0.0
2014-06-05,0.0
2014-06-06,0.0
2014-06-07,0.0
2014-06-08,0.0
2014-06-09,0.0
2014-06-10,11.93
2014-06-11,37.27
2014-06-12,41.55
2014-06-13,28.07
2014-06-14,15.22
2014-06-15,13.04
2014-06-16,0.0
2014-06-17,0.0
2014-06-18,0.0
2014-06-19,0.0
2014-06-20,15.45
2014-06-21,41.13
2014-06-22,26.73
2014-06-23,19.33
2014-06-24,13.26
2014-06-25,0.0
2014-06-26,0.0
2014-06-27,0.0
2014-06-28,0.0
2014-06-29,0.0
2014-06-30,0.0
2014-07-01,39.99
2014-07-02,19.82
2014-07-03,0.0
2014-07-04,0.0
2014-07-05,0.0
2014-07-06,0.0
2014-07-07,0.0
2014-07-08,0.0
2014-07-09,0.0
2014-07-10,14.2
2014-07-11,26.07
2014-07-12,25.29
2014-07-13,17.34
2014-07-14,16.97
2014-07-15,25.03
2014-07-16,39.96
2014-07-17,31.49
2014-07-18,25.52
2014-07-19,25.21
2014-07-20,18.1
2014-07-21,17.71
2014-07-22,12.78
2014-07-23,17.4
2014-07-24,12.66
2014-07-25,0.0
2014-07-26,0.0
2014-07-27,0.0
2014-07-28,0.0
2014-07-29,12.67
2014-07-30,0.0
2014-07-31,0.0
2014-08-01,31.62
2014-08-02,74.7
2014-08-03,42.51
2014-08-04,44.07
2014-08-05,37.46
2014-08-06,53.03
2014-08-07,33.25
2014-08-08,28.2
2014-08-09,34.97
2014-08-10,28.51
2014-08-11,25.49
2014-08-12,30.56
2014-08-13,20.86
2014-08-14,17.99
2014-08-15,18.1
2014-08-16,17.59
2014-08-17,20.05
2014-08-18,19.65
2014-08-19,44.75
2014-08-20,26.56
2014-08-21,48.55
2014-08-22,42.55
2014-08-23,399.1
2014-08-24,279.31
2014-08-25,88.28
2014-08-26,62.83
2014-08-27,56.78
2014-08-28,47.5
2014-08-29,49.4
2014-08-30,84.42
2014-08-31,77.32
2014-09-01,84.01
2014-09-02,151.56
2014-09-03,106.23
2014-09-04,99.19
2014-09-05,73.95
2014-09-06,58.45
2014-09-07,48.32
2014-09-08,49.03
2014-09-09,36.3
2014-09-10,28.6
2014-09-11,25.14
2014-09-12,22.43
2014-09-13,21.18
2014-09-14,18.49
2014-09-15,22.94
2014-09-16,19.55
2014-09-17,18.12
2014-09-18,18.63
2014-09-19,17.7
2014-09-20,16.85
2014-09-21,14.78
2014-09-22,13.36
2014-09-23,10.45
2014-09-24,13.04
2014-09-25,0.0
2014-09-26,0.0
2014-09-27,19.57
2014-09-28,14.07
2014-09-29,40.58
2014-09-30,22.45
2014-10-01,20.3
2014-10-02,26.73
2014-10-03,18.49
2014-10-04,70.93
2014-10-05,47.78
2014-10-06,20.45
2014-10-07,26.15
2014-10-08,29.21
2014-10-09,17.33
2014-10-10,19.96
2014-10-11,19.5
2014-10-12,18.49
2014-10-13,16.06
2014-10-14,38.74
2014-10-15,43.36
2014-10-16,46.62
2014-10-17,34.78
2014-10-18,38.6
2014-10-19,60.11
2014-10-20,98.12
2014-10-21,59.82
2014-10-22,46.17
2014-10-23,36.85
2014-10-24,61.06
2014-10-25,69.65
2014-10-26,51.04
2014-10-27,127.84
2014-10-28,79.79
2014-10-29,77.87
2014-10-30,75.08
2014-10-31,64.55
2014-11-01,40.15
2014-11-02,36.48
2014-11-03,33.59
2014-11-04,73.55
2014-11-05,45.96
2014-11-06,40.97
2014-11-07,35.6
2014-11-08,25.08
2014-11-09,25.86
2014-11-10,20.48
2014-11-11,20.9
2014-11-12,34.93
2014-11-13,36.2
2014-11-14,99.03
2014-11-15,42.51
2014-11-16,35.02
2014-11-17,26.98
2014-11-18,25.26
2014-11-19,25.33
2014-11-20,14.93
2014-11-21,37.24
2014-11-22,27.06
2014-11-23,26.29
2014-11-24,20.66
2014-11-25,15.3
2014-11-26,14.4
2014-11-27,13.0
2014-11-28,15.49
2014-11-29,14.91
2014-11-30,35.5
2014-12-01,16.58
2014-12-02,15.01
2014-12-03,8.73
2014-12-04,8.73
2014-12-05,7.09
2014-12-06,7.19
2014-12-07,7.51
2014-12-08,0.0
2014-12-09,0.0
2014-12-10,0.0
2014-12-11,0.0
2014-12-12,0.0
2014-12-13,0.0
2014-12-14,0.0
2014-12-15,5.7
2014-12-16,5.7
2014-12-17,5.27
2014-12-18,8.83
2014-12-19,4.66
2014-12-20,5.07
2014-12-21,0.0
2014-12-22,0.0
2014-12-23,0.0
2014-12-24,0.0
2014-12-25,0.0
2014-12-26,0.0
2014-12-27,0.0
2014-12-28,0.0
2014-12-29,0.0
2014-12-30,0.0
2014-12-31,0.0
2015-01-01,0.0
2015-01-02,0.0
2015-01-03,0.0
2015-01-04,0.0
2015-01-05,0.0
2015-01-06,0.0
2015-01-07,0.0
2015-01-08,0.0
2015-01-09,0.0
2015-01-10,0.0
2015-01-11,0.0
2015-01-12,0.0
2015-01-13,0.0
2015-01-14,0.0
2015-01-15,0.0
2015-01-16,0.0
2015-01-17,0.0
2015-01-18,0.0
2015-01-19,0.0
2015-01-20,0.0
2015-01-21,0.0
2015-01-22,0.0
2015-01-23,0.0
2015-01-24,0.0
2015-01-25,0.0
2015-01-26,0.0
2015-01-27,0.0
2015-01-28,0.0
2015-01-29,0.0
2015-01-30,0.0
2015-01-31,0.0
2015-02-01,0.0
2015-02-02,0.0
2015-02-03,0.0
2015-02-04,0.0
2015-02-05,0.0
2015-02-06,0.0
2015-02-07,0.0
2015-02-08,0.0
2015-02-09,0.0
2015-02-10,0.0
2015-02-11,0.0
2015-02-12,0.0
2015-02-13,0.0
2015-02-14,0.0
2015-02-15,0.0
2015-02-16,0.0
2015-02-17,0.0
2015-02-18,0.0
2015-02-19,0.0
2015-02-20,0.0
2015-02-21,0.0
2015-02-22,0.0
2015-02-23,0.0
2015-02-24,0.0
2015-02-25,0.0
2015-02-26,0.0
2015-02-27,0.0
2015-02-28,0.0
2015-03-01,0.0
2015-03-02,0.0
2015-03-03,0.0
2015-03-04,0.0
2015-03-05,8.31
2015-03-06,0.0
2015-03-07,0.0
2015-03-08,0.0
2015-03-09,0.0
2015-03-10,0.0
2015-03-11,0.0
2015-03-12,0.0
2015-03-13,0.0
2015-03-14,0.0
2015-03-15,0.0
2015-03-16,0.0
2015-03-17,0.0
2015-03-18,0.0
2015-03-19,0.0
2015-03-20,0.0
2015-03-21,0.0
2015-03-22,0.0
2015-03-23,0.0
2015-03-24,0.0
2015-03-25,0.0
2015-03-26,0.0
2015-03-27,0.0
2015-03-28,0.0
2015-03-29,0.0
2015-03-30,0.0
2015-03-31,0.0
2015-04-01,0.0
2015-04-02,0.0
2015-04-03,0.0
2015-04-04,0.0
2015-04-05,0.0
2015-04-06,0.0
2015-04-07,0.0
2015-04-08,0.0
2015-04-09,0.0
2015-04-10,0.0
2015-04-11,0.0
2015-04-12,0.0
2015-04-13,0.0
2015-04-14,0.0
2015-04-15,0.0
2015-04-16,0.0
2015-04-17,0.0
2015-04-18,0.0
2015-04-19,0.0
2015-04-20,0.0
2015-04-21,0.0
2015-04-22,35.33
2015-04-23,6.4
2015-04-24,6.4
2015-04-25,35.77
2015-04-26,8.31
2015-04-27,12.44
2015-04-28,5.37
2015-04-29,8.31
2015-04-30,3.57
2015-05-01,0.0
2015-05-02,0.0
2015-05-03,0.0
2015-05-04,0.0
2015-05-05,0.0
2015-05-06,0.0
2015-05-07,0.0
2015-05-08,0.0
2015-05-09,15.24
2015-05-10,6.4
2015-05-11,5.47
2015-05-12,5.4
2015-05-13,5.79
2015-05-14,5.36
2015-05-15,3.38
2015-05-16,3.65
2015-05-17,12.97
2015-05-18,70.33
2015-05-19,36.02
2015-05-20,88.34
2015-05-21,39.55
2015-05-22,28.19
2015-05-23,15.66
2015-05-24,17.39
2015-05-25,12.32
2015-05-26,12.24
2015-05-27,11.47
2015-05-28,11.47
2015-05-29,0.0
2015-05-30,0.0
2015-05-31,11.47
2015-06-01,16.3
2015-06-02,8.18
2015-06-03,4.53
2015-06-04,35.81
2015-06-05,16.51
2015-06-06,8.18
2015-06-07,7.27
2015-06-08,4.22
2015-06-09,17.06
2015-06-10,7.72
2015-06-11,4.28
2015-06-12,0.0
2015-06-13,0.0
2015-06-14,0.0
2015-06-15,4.11
2015-06-16,4.01
2015-06-17,5.4
2015-06-18,4.04
2015-06-19,15.35
2015-06-20,11.16
2015-06-21,13.39
2015-06-22,11.39
2015-06-23,11.44
2015-06-24,9.82
2015-06-25,11.71
2015-06-26,31.08
2015-06-27,62.15
2015-06-28,307.6
2015-06-29,64.31
2015-06-30,53.11
2015-07-01,32.72
2015-07-02,31.9
2015-07-03,21.52
2015-07-04,16.98
2015-07-05,13.07
2015-07-06,12.06
2015-07-07,15.69
2015-07-08,11.99
2015-07-09,11.84
2015-07-10,11.56
2015-07-11,15.24
2015-07-12,19.64
2015-07-13,10.44
2015-07-14,9.95
2015-07-15,10.01
2015-07-16,9.73
2015-07-17,10.88
2015-07-18,19.27
2015-07-19,14.7
2015-07-20,15.67
2015-07-21,12.02
2015-07-22,13.34
2015-07-23,12.68
2015-07-24,71.61
2015-07-25,41.66
2015-07-26,18.54
2015-07-27,17.26
2015-07-28,14.9
2015-07-29,12.75
2015-07-30,12.43
2015-07-31,11.66
2015-08-01,10.97
2015-08-02,12.12
2015-08-03,10.26
2015-08-04,7.95
2015-08-05,7.73
2015-08-06,12.39
2015-08-07,7.64
2015-08-08,0.0
2015-08-09,0.0
2015-08-10,9.16
2015-08-11,8.88
2015-08-12,8.88
2015-08-13,8.88
2015-08-14,6.63
2015-08-15,8.88
2015-08-16,12.44
2015-08-17,0.0
2015-08-18,23.86
2015-08-19,23.86
2015-08-20,12.89
2015-08-21,12.02
2015-08-22,10.89
2015-08-23,11.2
2015-08-24,8.88
2015-08-25,0.0
2015-08-26,0.0
2015-08-27,0.0
2015-08-28,0.0
2015-08-29,0.0
2015-08-30,0.0
2015-08-31,0.0
2015-09-01,0.0
2015-09-02,0.0
2015-09-03,0.0
2015-09-04,0.0
2015-09-05,22.29
2015-09-06,104.2
2015-09-07,50.89
2015-09-08,40.76
2015-09-09,30.32
2015-09-10,34.39
2015-09-11,29.95
2015-09-12,41.93
2015-09-13,25.47
2015-09-14,21.16
2015-09-15,15.13
2015-09-16,29.51
2015-09-17,39.17
2015-09-18,39.84
2015-09-19,30.16
2015-09-20,24.66
2015-09-21,27.78
2015-09-22,21.45
2015-09-23,17.26
2015-09-24,18.18
2015-09-25,34.2
2015-09-26,21.67
2015-09-27,21.14
2015-09-28,22.29
2015-09-29,28.93
2015-09-30,52.81
2015-10-01,41.29
2015-10-02,25.88
2015-10-03,22.21
2015-10-04,25.07
2015-10-05,22.39
2015-10-06,21.57
2015-10-07,19.82
2015-10-08,15.52
2015-10-09,148.91
2015-10-10,96.34
2015-10-11,54.88
2015-10-12,40.86
2015-10-13,84.39
2015-10-14,50.53
2015-10-15,40.32
2015-10-16,37.32
2015-10-17,27.78
2015-10-18,21.9
2015-10-19,22.32
2015-10-20,28.26
2015-10-21,19.91
2015-10-22,18.85
2015-10-23,17.46
2015-10-24,36.36
2015-10-25,21.9
2015-10-26,26.93
2015-10-27,22.43
2015-10-28,18.84
2015-10-29,22.59
2015-10-30,63.06
2015-10-31,148.49
2015-11-01,83.53
2015-11-02,49.09
2015-11-03,40.79
2015-11-04,36.65
2015-11-05,134.43
2015-11-06,50.79
2015-11-07,49.28
2015-11-08,51.17
2015-11-09,98.43
2015-11-10,71.83
2015-11-11,41.99
2015-11-12,37.73
2015-11-13,49.53
2015-11-14,41.31
2015-11-15,40.13
2015-11-16,33.83
2015-11-17,31.08
2015-11-18,27.77
2015-11-19,36.84
2015-11-20,29.96
2015-11-21,28.73
2015-11-22,23.47
2015-11-23,22.43
2015-11-24,24.07
2015-11-25,20.76
2015-11-26,20.49
2015-11-27,18.62
2015-11-28,28.9
2015-11-29,22.29
2015-11-30,21.47
2015-12-01,19.46
2015-12-02,17.06
2015-12-03,32.54
2015-12-04,37.58
2015-12-05,21.13
2015-12-06,19.06
2015-12-07,21.13
2015-12-08,22.62
2015-12-09,24.22
2015-12-10,20.99
2015-12-11,20.72
2015-12-12,20.36
2015-12-13,15.9
2015-12-14,20.99
2015-12-15,36.92
2015-12-16,37.08
2015-12-17,24.0
2015-12-18,21.57
2015-12-19,21.14
2015-12-20,17.06
2015-12-21,15.07
2015-12-22,14.24
2015-12-23,13.26
2015-12-24,12.25
2015-12-25,12.25
2015-12-26,11.44
2015-12-27,11.56
2015-12-28,8.5
2015-12-29,8.51
2015-12-30,8.76
2015-12-31,6.92
